y,x1,x2,x3
1.3830559750749511,1.0,1.0,0.08748220955359087
-0.08310182003135858,1.0,1.0,0.22730973628468876
1.2600947516278005,1.0,0.0,0.31437661611405043
4.212061060717633,1.0,0.0,0.17476587635631158
0.6204802316760506,1.0,1.0,0.6070941619724605
0.04490564571779476,1.0,1.0,0.41358641500116133
1.9013812640965602,1.0,1.0,0.8163515118272141
0.7752529224136927,1.0,1.0,0.18513039826903066
-0.06707029184751856,1.0,1.0,0.7018765297563104
0.7300232015630561,1.0,0.0,0.24035562484913886
2.3822379142865184,1.0,0.0,0.5742190888408597
-0.2846392143355426,1.0,1.0,0.34898759722078887
2.040460121999824,1.0,0.0,0.05696439948283272
1.5394786381829209,1.0,1.0,0.22881367096037586
0.7835443445974706,1.0,1.0,0.6641025553547935
1.633926834568961,1.0,0.0,0.4972500933605313
1.4722591260483198,1.0,0.0,0.5190159840736788
2.0869928512336893,1.0,1.0,0.1747201501089225
3.838194145071567,1.0,0.0,0.5707158515462564
0.5377666901703584,1.0,0.0,0.99675342520821
1.8510199134262009,1.0,0.0,0.8168351087916219
2.568457541943939,1.0,1.0,0.5943726238309778
2.1865402589528355,1.0,0.0,0.9759890683309049
0.4991400546927528,1.0,0.0,0.9015625846693213
0.20825006160138548,1.0,1.0,0.5956079336026455
2.040418550181719,1.0,0.0,0.032426325314457105
1.5806095250346255,1.0,0.0,0.09357709581748075
1.9357128308317995,1.0,0.0,0.06537171504222639
0.9912306249995627,1.0,1.0,0.4517331486914753
1.3373435196943855,1.0,0.0,0.37543483316785775
1.9843343600148864,1.0,0.0,0.9753500342702865
2.4522936114010268,1.0,0.0,0.1679832931996149
0.054471545289634715,1.0,1.0,0.9727875919326552
1.4315766070901237,1.0,1.0,0.7674748688630131
0.8367031695835117,1.0,1.0,0.8242378396244978
0.8824106417438012,1.0,1.0,0.6326158167779973
1.6373991616087227,1.0,1.0,0.668732770206732
2.3261596532967124,1.0,0.0,0.47688233352119336
2.5767294231206677,1.0,0.0,0.013136356923072245
2.902048244683492,1.0,0.0,0.3530060855418248
1.0121015433221456,1.0,1.0,0.49207180149355845
3.481882706597107,1.0,1.0,0.7300912110901043
1.8167945105204404,1.0,1.0,0.4686283427461092
1.878771885432398,1.0,1.0,0.4574049160894317
2.2646956202232444,1.0,1.0,0.13766274094560316
1.173994599259602,1.0,1.0,0.01088873380347899
2.66597612197335,1.0,0.0,0.7582782604769962
0.8467212587100703,1.0,1.0,0.3199528380776784
-0.38436829283244894,1.0,1.0,0.9843834501935107
1.655741199925803,1.0,0.0,0.220234226159156
2.5184560343828855,1.0,0.0,0.33870802548167966
-0.8786142210324394,1.0,1.0,0.5238961356661317
1.5656562158730942,1.0,0.0,0.7548914570605327
1.0456746707611424,1.0,0.0,0.46385778390029564
1.7034891650016828,1.0,1.0,0.12482254311167629
0.08285435613847547,1.0,1.0,0.3125013784920495
2.5670849256963333,1.0,1.0,0.5045191697009946
2.2301888679856137,1.0,0.0,0.6738490080168676
-0.7247131082838062,1.0,1.0,0.7701499563120922
4.169878654916206,1.0,0.0,0.13033578095435427
2.4343225607769488,1.0,0.0,0.022915131322381765
-0.041941118476852446,1.0,1.0,0.5190823222119895
-0.49923624805177214,1.0,1.0,0.8099887106624163
3.2547088632632795,1.0,0.0,0.012603767029876312
2.099832309354893,1.0,1.0,0.6724698446537339
0.009082112896746874,1.0,1.0,0.6868082266569918
-0.2665953982584929,1.0,1.0,0.44924675358663757
-0.663351608050457,1.0,1.0,0.9147886867419343
2.998991579267711,1.0,0.0,0.6443610847569929
4.375938697074667,1.0,0.0,0.005239837651465851
0.35927191343127923,1.0,1.0,0.4844284455143756
1.0389941457367766,1.0,1.0,0.8593178060976
1.2633098789887396,1.0,0.0,0.8303995700373394
1.4353446535503243,1.0,0.0,0.6491541971124779
2.426595978269776,1.0,0.0,0.6736984238986317
2.037402763755086,1.0,0.0,0.5784995797892005
1.1883148893479571,1.0,1.0,0.27411977516685215
0.3673074571801874,1.0,1.0,0.5605299905360588
1.4113162605354166,1.0,1.0,0.6717297848174203
1.6835296229882601,1.0,0.0,0.35242963021640883
0.5528234123640068,1.0,1.0,0.8558283672539277
2.491261691318647,1.0,0.0,0.1950374860087073
0.16563424855429942,1.0,0.0,0.7473208103319232
0.5475832833548172,1.0,1.0,0.2896027461868774
0.22971899378752436,1.0,1.0,0.773799287244182
1.9351705941319195,1.0,0.0,0.4277373293360762
-0.5861485622119409,1.0,1.0,0.8076984091122095
-0.38823674171993383,1.0,1.0,0.3535348626679904
3.856587709776976,1.0,0.0,0.21369323762958115
1.7020258336020966,1.0,1.0,0.7672845084217665
2.9353723511678846,1.0,0.0,0.3086419476306511
3.2094232843733304,1.0,0.0,0.7332450677264275
0.976748287763369,1.0,1.0,0.7444731530777321
0.8104305248805292,1.0,1.0,0.22139670090820107
1.3897470326065833,1.0,1.0,0.21411213682064845
0.3843389137006008,1.0,0.0,0.1989479234270667
-0.12872086905641567,1.0,1.0,0.14251833776584466
1.5398433819463704,1.0,1.0,0.3770825992073341
2.6851148321741243,1.0,0.0,0.026627884691621473
-0.2796809814497052,1.0,1.0,0.11092036903424063
1.2527014666676681,1.0,1.0,0.6745640237634105
1.5284163163438178,1.0,1.0,0.7997765368973863
1.694131052770809,1.0,1.0,0.0805295271283859
2.1661344490457197,1.0,0.0,0.23170231048579204
1.4095766702801957,1.0,0.0,0.20762566180381437
1.2764832332521285,1.0,0.0,0.9173335630816306
1.8397484772410047,1.0,0.0,0.7113145181364867
1.2744231948765885,1.0,0.0,0.5538846110514143
1.4381753711507357,1.0,1.0,0.30451798792062024
0.8271312551284484,1.0,1.0,0.8348540476317985
1.0735761670972432,1.0,1.0,0.43530595762951996
-1.5599746671536385,1.0,1.0,0.9234562151187752
1.6582922958178021,1.0,1.0,0.7060518043359332
2.436312382112881,1.0,1.0,0.47803130796528337
0.5815482046544875,1.0,1.0,0.1262101037493587
-0.3694712867995471,1.0,0.0,0.9760435504677476
2.9854954574659422,1.0,0.0,0.15983365034409336
1.7903689441301158,1.0,0.0,0.2026021252196626
0.861152727185945,1.0,0.0,0.43118175516037094
3.0918269429636376,1.0,0.0,0.40420190577514725
0.9915997481051231,1.0,0.0,0.14675148076429412
1.2824038428237008,1.0,1.0,0.7293189193611234
-0.31873311884752387,1.0,1.0,0.18874506687718595
2.073435619591848,1.0,1.0,0.6438956443116628
1.0686881412258464,1.0,1.0,0.7543059505762987
0.6530026500151775,1.0,1.0,0.21073239208332073
0.785165712413328,1.0,1.0,0.60095424810764
1.9468573581446318,1.0,0.0,0.7489283752458364
2.340995773373418,1.0,0.0,0.6382187106203334
1.4658296309150103,1.0,1.0,0.5971273029466491
1.3888410483543883,1.0,1.0,0.29548228565549706
0.9093117130736998,1.0,0.0,0.7316064712415088
1.8032681254237133,1.0,0.0,0.9453084399999497
-0.5641946804886704,1.0,1.0,0.42556139026154693
2.3277426497956974,1.0,0.0,0.7821818168314053
3.454453222166545,1.0,0.0,0.056141039661915304
2.6546335535830856,1.0,0.0,0.8352716024899659
0.33723060561176976,1.0,1.0,0.1922500168221477
0.9545776811625691,1.0,1.0,0.3950968688899732
1.6968414573055428,1.0,1.0,0.30008104592535645
1.3445115476157612,1.0,1.0,0.08010364380604929
0.05415357018094935,1.0,1.0,0.9046310029362429
2.241075331060775,1.0,0.0,0.37015417755373825
0.7462804638737849,1.0,1.0,0.5306974384761395
2.721024795185357,1.0,0.0,0.49411626589632507
0.3501805550741054,1.0,1.0,0.13216114194293815
2.5875357644411006,1.0,0.0,0.20645405888943302
2.8272028199921975,1.0,0.0,0.07618880903232117
2.460874252177811,1.0,0.0,0.5079216999452875
0.7959223004603696,1.0,1.0,0.2615495518329871
0.9230435744552656,1.0,1.0,0.3570616088827919
0.9296303908708021,1.0,1.0,0.10806532869723684
1.3511921488352296,1.0,0.0,0.7875518396525072
1.010303884635338,1.0,1.0,0.1065838767888011
0.7708794909253107,1.0,0.0,0.9857088237131878
5.136755169934842,1.0,0.0,0.17716116443841734
0.761511549468303,1.0,0.0,0.5724051124346493
1.435003880770663,1.0,0.0,0.044845334589088126
-0.25990840424460526,1.0,1.0,0.7871162896558341
1.5731121992800903,1.0,0.0,0.18960594781829654
0.6914303292440901,1.0,1.0,0.5279039784081266
2.8068611387053517,1.0,0.0,0.7400775431590716
2.6511574093270642,1.0,1.0,0.14993148491725594
0.9029684209681386,1.0,1.0,0.5510871741869717
-1.5927306701500776,1.0,1.0,0.2166172083287794
1.7362980507385635,1.0,0.0,0.7591960493171447
0.08717122383715181,1.0,0.0,0.7229151935562137
1.8100547592855425,1.0,0.0,0.17654903427708302
0.08024842719689329,1.0,0.0,0.8619665576670734
3.0948976022619448,1.0,0.0,0.019775099516344263
0.6053224532210582,1.0,0.0,0.8602369974231152
1.4329940550014642,1.0,1.0,0.5589038111609383
2.3531060177584315,1.0,0.0,0.4032204721058492
1.1124278523022577,1.0,0.0,0.7587469310223366
0.6520124318725047,1.0,1.0,0.7169290016924699
2.013411799224063,1.0,0.0,0.9873261748084265
1.7325445455286754,1.0,0.0,0.2780850486129828
2.0169392830737873,1.0,1.0,0.0037936724093425855
0.4487291965334488,1.0,1.0,0.9339026083148878
1.5039821844127725,1.0,0.0,0.8578971045378938
2.189454176800664,1.0,0.0,0.7288508775192559
3.021393595703055,1.0,0.0,0.5166887829215384
1.0975314221846117,1.0,1.0,0.706956245248761
1.384035011258103,1.0,0.0,0.7805295568767427
2.6460481849395667,1.0,0.0,0.3748759435368594
-0.20727727911828286,1.0,0.0,0.7703225253299576
3.0016038266962655,1.0,0.0,0.7506243191751754
-0.6968247311513283,1.0,1.0,0.6132112115442597
2.781852108726445,1.0,0.0,0.4018659239678374
0.8669836442198338,1.0,0.0,0.6973080192643409
3.217759854511288,1.0,0.0,0.0031128578251921057
1.2159834890166041,1.0,0.0,0.7748966467245978
0.7880580609136871,1.0,1.0,0.896416602456847
0.0859822336980528,1.0,1.0,0.23931570743750463
0.2718103456386687,1.0,0.0,0.12076718430922972
2.62628168931614,1.0,0.0,0.2202839877937276
0.2364975159235032,1.0,1.0,0.3020967312900983
-0.15816334661214976,1.0,1.0,0.8830285085638342
-0.054810758941869486,1.0,1.0,0.5431664302380945
4.072450111816238,1.0,0.0,0.2867116496064306
1.8112045371761438,1.0,0.0,0.13835468979294652
2.408267824153414,1.0,0.0,0.29014446310454167
0.3848885332895413,1.0,0.0,0.6138710897412526
3.540462416111129,1.0,0.0,0.3241385298974466
0.16932115691651728,1.0,1.0,0.45736018169099846
-1.8661583021893777,1.0,1.0,0.44411710701661444
3.2278281027856632,1.0,1.0,0.8281353607315121
0.7381642593417592,1.0,0.0,0.4263481542362306
2.1130232672580593,1.0,1.0,0.3456988211755023
1.3270144008077986,1.0,1.0,0.6749716048091052
2.8693605018199806,1.0,0.0,0.22148205573352875
1.537018905278415,1.0,0.0,0.4672458239265538
2.224035447119438,1.0,0.0,0.31476568732401644
1.8447603175141665,1.0,1.0,0.6268556021628346
0.1921059980001722,1.0,1.0,0.8773604746948126
2.051920754739743,1.0,0.0,0.4476890001456285
1.4653204806601208,1.0,1.0,0.7844574187919231
0.809241343279513,1.0,1.0,0.4569657005615504
0.17928872399578893,1.0,1.0,0.6562293317171314
3.8594616575904688,1.0,0.0,0.13184097502750214
1.0837353830058813,1.0,1.0,0.43298150696764814
0.35358198358325477,1.0,1.0,0.9093119886549367
-0.1427402417619562,1.0,1.0,0.6054790010309347
-0.4597589870813228,1.0,1.0,0.7667745872371021
2.6023860169918045,1.0,0.0,0.5047006080958943
1.6481935501803284,1.0,1.0,0.49805562482800747
-0.9189741087598304,1.0,0.0,0.8428998401928499
1.9383981905313963,1.0,0.0,0.06780693434095375
1.6170839144108424,1.0,1.0,0.5732722715496846
3.5661665265761258,1.0,0.0,0.9427625754329493
2.8366601111150898,1.0,1.0,0.5178600481723219
3.2148455145932604,1.0,0.0,0.1944658095278845
1.879896639957887,1.0,1.0,0.8479393924434762
0.3493527943487531,1.0,1.0,0.25163914235585283
2.2011888146442584,1.0,0.0,0.700726036482538
-0.5648576119328792,1.0,1.0,0.5402609403968999
-0.10021763690753427,1.0,1.0,0.9488362882802196
1.8514951955467933,1.0,0.0,0.6243367024026759
2.6791650083203753,1.0,1.0,0.8379779620477293
1.8450977997297735,1.0,1.0,0.007932876194523097
0.7185993735390519,1.0,1.0,0.989340056166638
2.3606332690094805,1.0,0.0,0.07771457033238649
-0.5007259114246587,1.0,1.0,0.3221295136147696
1.7411674130157233,1.0,0.0,0.9461523954567653
0.7470255955810919,1.0,1.0,0.008939102371245067
1.5142260444366387,1.0,0.0,0.8227300054219355
-0.3889145040422487,1.0,1.0,0.8612116383667944
0.8586405333314465,1.0,1.0,0.4398308142085725
-0.6635624339329985,1.0,1.0,0.2557451938059312
1.0320037166388454,1.0,1.0,0.8026895196332986
2.031757470997996,1.0,1.0,0.47786200443222115
1.8906353993202618,1.0,1.0,0.13433860865569613
3.2714585226771717,1.0,0.0,0.9278489928250108
1.5166429928463612,1.0,0.0,0.8959699670066484
1.208487777463176,1.0,1.0,0.49154515001693533
1.017361492348881,1.0,1.0,0.8567024965177922
0.9697570374049151,1.0,0.0,0.41857802576409864
3.602724225058969,1.0,0.0,0.6834649001663011
2.873428781064103,1.0,0.0,0.39799063940792245
0.4511740382458563,1.0,1.0,0.5057420174508104
0.025480098937799567,1.0,1.0,0.1895517028339273
1.700257268610611,1.0,0.0,0.9649889241109139
2.931220835161658,1.0,0.0,0.2942156882442547
2.6093649838035713,1.0,0.0,0.10345955611640134
2.566382375994814,1.0,0.0,0.1443154002290481
2.495150186379704,1.0,0.0,0.014092294192442956
0.5692218567219126,1.0,1.0,0.7159456994623945
1.992622957628173,1.0,1.0,0.5644983202408741
1.9326709323340663,1.0,1.0,0.7945783511847522
-0.8070301249502682,1.0,1.0,0.5070799232841364
0.6722833075835326,1.0,1.0,0.7918210395041538
-0.6214131622174209,1.0,1.0,0.6957642142718394
-0.7953899733413032,1.0,1.0,0.7778484768591754
2.4561348018685845,1.0,0.0,0.4064828689770863
0.6563110250951227,1.0,0.0,0.6477706331874812
-2.2166748118681383,1.0,1.0,0.1797942976929744
2.6668261529496053,1.0,0.0,0.321819963387904
3.601298811333209,1.0,0.0,0.1726046201197925
3.9052561109899706,1.0,0.0,0.4086372250132624
0.48876192135318314,1.0,1.0,0.2414187479655988
3.314871931514282,1.0,0.0,0.4069219941293579
-2.1704248400232142,1.0,1.0,0.9752223424373121
0.9810669157423788,1.0,0.0,0.32031932582203126
0.9665530939100846,1.0,1.0,0.9824909449748953
1.9852969054205312,1.0,0.0,0.6363061258559836
3.245399231347838,1.0,0.0,0.375091018393911
2.191742954881821,1.0,0.0,0.8574844990835966
1.4556570661621586,1.0,0.0,0.6195867393685738
2.4057024100792956,1.0,1.0,0.25203308013083936
1.2193795844601862,1.0,1.0,0.7928556779768876
3.5423015129570072,1.0,0.0,0.43293850873416306
1.1520910719934345,1.0,0.0,0.3575111673304414
2.306258749214109,1.0,0.0,0.33027693652508094
0.1522329323711884,1.0,1.0,0.6973688756131394
2.92893815355836,1.0,0.0,0.26865012390622656
0.30583713015541325,1.0,1.0,0.8082780137053801
0.5904085043180565,1.0,1.0,0.2952887943998478
0.32125640776287967,1.0,0.0,0.5441213835853572
2.0433859959006693,1.0,0.0,0.4879214918052024
1.6186087045226045,1.0,1.0,0.8553564125953698
2.208631198222679,1.0,0.0,0.8883864343953859
-2.08329655474143,1.0,1.0,0.18438444236776674
-0.033226467244697355,1.0,0.0,0.585348458938251
3.1947812599328973,1.0,0.0,0.8982050460171371
1.6155904102409575,1.0,0.0,0.4461172190344297
0.3243147564872515,1.0,1.0,0.9218683054838154
3.268258649517403,1.0,0.0,0.2789908904569709
0.827850236772354,1.0,1.0,0.6088311741937957
0.818249695076722,1.0,0.0,0.6824537097668154
0.6860326293931349,1.0,1.0,0.2282057333504841
2.9884216657164435,1.0,1.0,0.013767512557716799
-0.6281622019540857,1.0,1.0,0.4167239623706961
2.447590517273828,1.0,0.0,0.938481891856734
0.4936769421645977,1.0,1.0,0.34302810983040655
1.0553924709128473,1.0,0.0,0.7797442954825999
2.803964593614308,1.0,1.0,0.17473631282740743
0.16399326212521947,1.0,1.0,0.34195283630245243
1.8025679929117184,1.0,1.0,0.14459772083809674
0.2084817813989558,1.0,1.0,0.716770814146376
-0.003549821890930005,1.0,0.0,0.6993076236968142
1.276775509658803,1.0,0.0,0.6884973179489188
2.044282607608696,1.0,1.0,0.25339603448629966
1.2517849252611486,1.0,0.0,0.6923601216234089
2.754771906143612,1.0,0.0,0.22729754091594956
2.027738820374632,1.0,0.0,0.4246491159313397
1.9774329268680244,1.0,0.0,0.37192212166768723
0.37951598262202346,1.0,1.0,0.3553079116201222
1.1798598464146293,1.0,1.0,0.05765480724125638
-0.5126277807787756,1.0,0.0,0.6316466268659396
0.12820640031828695,1.0,1.0,0.7073166026816995
-1.1754953788971725,1.0,1.0,0.6135886945028356
1.7668323236219783,1.0,0.0,0.6483127561631246
2.6795082129055032,1.0,0.0,0.16994071421725776
0.16713778401521406,1.0,1.0,0.14944679893886248
1.4899445790300065,1.0,1.0,0.5141750435258828
0.8897878978303861,1.0,1.0,0.8753327263545391
1.2266774400092242,1.0,1.0,0.18395344154722204
0.3605370468169418,1.0,1.0,0.4628391187082599
1.217609244755939,1.0,1.0,0.42893233402990294
1.7536255023524077,1.0,1.0,0.4972891859195163
1.682505103612932,1.0,0.0,0.16151077048601192
1.166837368626262,1.0,0.0,0.34244064113481054
3.3252993653773437,1.0,0.0,0.2618804041035202
-1.0685638942084856,1.0,0.0,0.844526943229479
-1.3155598537292352,1.0,0.0,0.8003322457764017
0.02109424563664497,1.0,0.0,0.4266391582681436
1.736850242003184,1.0,0.0,0.6070154607890389
1.1191116271311594,1.0,1.0,0.14546561026621996
2.1974020559721104,1.0,0.0,0.5096132942175586
2.144446209699402,1.0,0.0,0.29694708578690454
2.769974092387996,1.0,0.0,0.8596509535692011
3.0411852729568407,1.0,0.0,0.6715983809063899
2.6767225944453523,1.0,0.0,0.633474012622421
-0.17046290860705793,1.0,1.0,0.12475130006917923
1.0803904789742358,1.0,1.0,0.4705878794988857
-0.4202966119032228,1.0,1.0,0.9865727795868815
-0.0388234734834626,1.0,1.0,0.9482991740726651
0.4782227896009792,1.0,0.0,0.6450856402604436
2.3748495877749924,1.0,0.0,0.15172487103197363
2.053963501136599,1.0,0.0,0.639126848719905
0.7354700981804723,1.0,1.0,0.5656621125439275
0.5728261581674261,1.0,0.0,0.468665837661252
-0.7806055055441216,1.0,1.0,0.42803746946827015
0.804145769563814,1.0,0.0,0.5992697556580301
-0.2720195796930559,1.0,1.0,0.8499698885159654
2.146292827896724,1.0,0.0,0.7511210403719374
1.2759018855898197,1.0,0.0,0.579360540297233
0.9723225739125682,1.0,0.0,0.9247041815360281
2.404170981142748,1.0,0.0,0.06473998344154885
2.1887939146341813,1.0,0.0,0.9913465087318091
4.225046048499391,1.0,0.0,0.05299454266798953
1.3469165980968485,1.0,1.0,0.19949554613856135
1.5940913696147347,1.0,0.0,0.42275266164456093
3.864791582105344,1.0,0.0,0.10750887618516769
1.9697039859611378,1.0,0.0,0.6236704109977018
0.6363388305502665,1.0,1.0,0.047992564048867314
3.1026270229796147,1.0,0.0,0.28462388100694214
1.2520516507343957,1.0,1.0,0.06103668111967109
-0.8554850558864092,1.0,1.0,0.7035193311050811
2.0965504988277726,1.0,0.0,0.668456167589482
2.218636452814254,1.0,0.0,0.3785805932506022
-0.9271695367634865,1.0,1.0,0.1881942600298212
-1.5951862834130708,1.0,1.0,0.7470048290299451
2.1237483074058927,1.0,0.0,0.34037929076546725
1.2150556082763275,1.0,1.0,0.7953011674056428
2.3437947220418343,1.0,0.0,0.4879009391796203
-0.6795866662631529,1.0,1.0,0.5256694443509794
2.3009471017173793,1.0,0.0,0.028490849491567216
1.2775684497956283,1.0,1.0,0.6442320198790318
-0.7353204370557356,1.0,1.0,0.3506565024321674
2.286766313976045,1.0,0.0,0.2292050272920657
2.036956121244762,1.0,0.0,0.4338833762117006
1.7011017083403361,1.0,1.0,0.3824674572709176
-0.6895212299404079,1.0,0.0,0.46978904008636024
1.2489159737018856,1.0,0.0,0.9794833541798064
3.9621694210918204,1.0,0.0,0.36437807036823044
0.7119401473344068,1.0,0.0,0.7744101333360395
1.3184516977244312,1.0,0.0,0.5527675965498925
1.441718671242972,1.0,1.0,0.8891310891074828
0.03413159584940695,1.0,1.0,0.354952851149572
3.325643834093812,1.0,0.0,0.24551868018650747
1.7162314971882624,1.0,0.0,0.9110192396569683
-0.5122915858193617,1.0,1.0,0.04353426375776537
0.5614385855666933,1.0,1.0,0.9507534280610023
-0.7965877129036704,1.0,1.0,0.5564069156709253
1.7342713357636428,1.0,1.0,0.3763632166870875
-0.5924451906800481,1.0,0.0,0.9950523223391111
-0.7643584670963524,1.0,1.0,0.05836264614763165
0.5525293348372404,1.0,0.0,0.5167063597676121
0.2709280797335768,1.0,1.0,0.03109707545554785
2.9221806231549166,1.0,0.0,0.5711757391862334
2.2841814092694057,1.0,0.0,0.18046850899511557
0.9094894652789847,1.0,1.0,0.6309592003395305
2.177366552737457,1.0,0.0,0.9809236757505815
-0.20365702562580362,1.0,1.0,0.8749025512123809
1.21542831893482,1.0,0.0,0.45183624942087064
-0.27153108861805686,1.0,1.0,0.7084608700517172
2.1143060264700546,1.0,0.0,0.7774687500031893
3.357443773817087,1.0,0.0,0.4948430841825636
1.9302888994045542,1.0,0.0,0.5285334901775651
1.7429035864795188,1.0,0.0,0.1507843983721926
0.2663864642949987,1.0,1.0,0.36939992561190627
1.2725839269215748,1.0,0.0,0.14222125307278666
2.1238640845725616,1.0,0.0,0.7268937533445626
-0.35034082590391513,1.0,1.0,0.4770129944022632
0.47663986006816156,1.0,1.0,0.44887883670676554
-0.6798270195522733,1.0,1.0,0.8859979711653513
-1.2192908948263212,1.0,1.0,0.5276187723115614
-1.7814183004996582,1.0,1.0,0.4090908319168599
1.2325909168426687,1.0,0.0,0.26889202221264585
2.76210719977822,1.0,0.0,0.07201203516976995
1.5324233171895336,1.0,0.0,0.4181361337253158
0.8557187590878664,1.0,1.0,0.025753482406583372
1.008142774830611,1.0,0.0,0.29115394055242805
-0.2362542252064317,1.0,1.0,0.5035095098483965
-0.6132482698228898,1.0,1.0,0.9659330650197223
2.669282103405012,1.0,0.0,0.10938291419358459
2.642652518764618,1.0,1.0,0.673041054216622
0.5613472261013687,1.0,1.0,0.49993237109919997
-0.03942578377990302,1.0,0.0,0.777098229275783
3.6544830142433806,1.0,0.0,0.14360699787420927
0.02516435761969038,1.0,1.0,0.08320263643587555
1.3229904994353405,1.0,1.0,0.3992186053524538
0.8631169708732371,1.0,0.0,0.7969622519799001
1.0075827920783595,1.0,1.0,0.1916757389098901
3.977998419515713,1.0,1.0,0.767777192147274
0.09861059320845456,1.0,1.0,0.2902979970618682
0.31857314666893044,1.0,1.0,0.21689148761179533
3.052034398581628,1.0,0.0,0.016715589077006432
0.743905239438113,1.0,1.0,0.3986590599223787
1.508330573655006,1.0,0.0,0.38108149129345237
0.7936074722741534,1.0,0.0,0.6593449361953647
3.137083515336564,1.0,0.0,0.07091840047038722
3.439602419036213,1.0,0.0,0.15260398704227185
1.7250589460588373,1.0,0.0,0.016575882900934147
-0.14111475597957546,1.0,1.0,0.11379635644740682
3.3222589352474348,1.0,0.0,0.6517892760100904
0.4516203624078112,1.0,0.0,0.4026568521749192
2.73848362759366,1.0,0.0,0.32102631416731586
2.0660999374448403,1.0,0.0,0.5579119942437725
-0.6598801057780386,1.0,1.0,0.9934604630998499
2.0209569065911515,1.0,0.0,0.8344865140180296
0.3248861996253778,1.0,0.0,0.6996231823995839
-0.6147208459757065,1.0,1.0,0.9182585891320579
1.2311710736492905,1.0,0.0,0.03972870668308481
1.8702066371933463,1.0,1.0,0.07033344161552524
0.2652159556715775,1.0,1.0,0.4740062899880546
3.056694750455749,1.0,0.0,0.3491674129570773
-0.3435348876397517,1.0,1.0,0.9372520621284489
2.3472228498722343,1.0,0.0,0.48956496114516856
2.0800962210049914,1.0,1.0,0.5396491100933506
1.1068544534646179,1.0,0.0,0.8952603657312208
-0.3926687039217187,1.0,1.0,0.4466350458236905
0.8704675491043783,1.0,0.0,0.8770343892703519
3.4093985554971056,1.0,0.0,0.25358174937162836
2.852064959211278,1.0,0.0,0.27380970415810857
1.6235552844330496,1.0,0.0,0.32836139008759013
-1.076567417703111,1.0,1.0,0.5475642704809535
2.935480007087194,1.0,0.0,0.22012867402698122
2.2267869316415907,1.0,1.0,0.6714291710812733
2.6177111847853154,1.0,1.0,0.1427932828030004
1.4463085041676775,1.0,1.0,0.09410027449963942
0.30526997986846,1.0,1.0,0.8701917462053776
0.1026465854530576,1.0,1.0,0.23686870355699852
1.3331494747367842,1.0,0.0,0.3860040110225955
-0.9965155576982672,1.0,1.0,0.5715420927253323
3.8103038402613607,1.0,0.0,0.52580196995147
1.003549944623273,1.0,1.0,0.07602387944210687
3.6006937972622275,1.0,0.0,0.8741259355980283
1.0586003089681881,1.0,0.0,0.9511356184186921
-0.3310870854704715,1.0,0.0,0.8125073041746718
3.9552011954467288,1.0,0.0,0.2838018349468743
-0.17979749192549388,1.0,1.0,0.5278467961179595
0.3708434445547369,1.0,1.0,0.3394167240176095
3.2803876003997,1.0,0.0,0.5546673107876667
2.567873136424941,1.0,0.0,0.9744034689130026
0.014372022156639908,1.0,0.0,0.3117029177189814
1.4702387375129826,1.0,0.0,0.6687966059228697
-0.2707140480806477,1.0,1.0,0.3259672073089859
1.872203372797355,1.0,0.0,0.7744772660150796
3.8264430305002755,1.0,0.0,0.3258099666132048
-0.030075695621638088,1.0,1.0,0.889827341447375
2.0466798637753225,1.0,1.0,0.7517077209192669
-0.38072183149564887,1.0,1.0,0.7626320954451107
2.8898147331739343,1.0,1.0,0.46947902855992574
1.4134968438743085,1.0,0.0,0.21076450246870537
0.6004572700348425,1.0,1.0,0.041475079576498874
1.1189017925337472,1.0,1.0,0.3218287999702445
1.226441905909367,1.0,0.0,0.03711266449399442
2.1333211976094093,1.0,1.0,0.6938554113738997
0.3970688760074206,1.0,0.0,0.6703500319361684
2.4433111633876825,1.0,0.0,0.430471782744975
-0.743800964610037,1.0,1.0,0.767788977658173
1.7698735554872786,1.0,0.0,0.5360084947395637
2.6098787761433857,1.0,0.0,0.03985992663545257
2.0130112454335376,1.0,0.0,0.13479311796067905
1.4142362642117923,1.0,1.0,0.19341639901491836
-0.305283407559208,1.0,1.0,0.3356638011646498
2.575106779745449,1.0,1.0,0.05231294643747675
0.8358129685455672,1.0,1.0,0.6051167805003662
-1.0943729857156594,1.0,0.0,0.5120610275239188
3.545797910899384,1.0,0.0,0.6174610120171561
2.278905491312083,1.0,0.0,0.43235559476434404
2.799785968589016,1.0,0.0,0.8477004682374377
0.5508595579557416,1.0,1.0,0.4540590560591513
0.4174167461263347,1.0,0.0,0.015403519791920894
0.07526966606593222,1.0,1.0,0.8730681484470995
-0.6217825959993311,1.0,1.0,0.6562015477440989
1.2363786008768456,1.0,0.0,0.823003040648471
0.6497038126746539,1.0,0.0,0.9517756930338517
1.263611287744877,1.0,1.0,0.050912383516887205
-0.8741697945873257,1.0,1.0,0.23507186409101455
2.618181119378872,1.0,0.0,0.0633434434563398
0.2902358019789632,1.0,1.0,0.4216578860324509
1.1327216744571267,1.0,1.0,0.863829145501452
0.8293285054013879,1.0,0.0,0.0816239827150681
1.3339141389274514,1.0,0.0,0.4731119528858785
4.08017336284338,1.0,0.0,0.12554310980872363
0.1539557311878197,1.0,0.0,0.7728856021671178
1.2476642802939746,1.0,1.0,0.8414221567958434
3.9426527189962037,1.0,0.0,0.04329093818615859
1.7274575232604725,1.0,0.0,0.48644074317039476
3.169419810201629,1.0,0.0,0.23941104413775594
2.173143248865724,1.0,0.0,0.9524737816932592
2.0335187026276893,1.0,1.0,0.9438926277837961
1.177410085149869,1.0,0.0,0.6139340023847009
0.3390074905716336,1.0,1.0,0.9734873973251963
2.783391809776293,1.0,0.0,0.344861343716251
0.4443845494939517,1.0,0.0,0.8978507176676818
0.7889968217351075,1.0,1.0,0.4345949734085095
0.19105948639126857,1.0,1.0,0.23581463714751372
-1.8639685082868895,1.0,1.0,0.9408279632013994
1.7834018971041643,1.0,0.0,0.6842180509832275
4.26313179554335,1.0,0.0,0.06491158533912933
0.12412804447707276,1.0,1.0,0.8704248568230661
1.5100932122330035,1.0,0.0,0.7013802946333463
1.1049952770745832,1.0,0.0,0.6049268729742817
0.6447500511253031,1.0,0.0,0.7323748991793305
2.2890481906220996,1.0,0.0,0.2534390424997808
2.637405873798898,1.0,0.0,0.6004889552745444
2.7381765012686117,1.0,1.0,0.8146191812616553
1.8779741558040564,1.0,1.0,0.05411366032399989
0.01876643798385358,1.0,1.0,0.13051067133926597
-0.9178847391940679,1.0,1.0,0.8424458099564136
1.9325343751408628,1.0,1.0,0.6183458693278855
1.9840311023581854,1.0,0.0,0.531287810481058
1.5527019778943294,1.0,0.0,0.2482907289970986
-0.21374852450188153,1.0,1.0,0.2950785752494959
-0.31256084922905564,1.0,1.0,0.8726861649194619
3.0776650410316044,1.0,0.0,0.42166593484970927
2.539476566317213,1.0,0.0,0.0644302555796068
-0.20949326609198504,1.0,0.0,0.8969850695075825
3.126992001353576,1.0,0.0,0.20338083282405106
0.8268870891915863,1.0,1.0,0.8262275354923914
0.9166322043078496,1.0,0.0,0.8817706230828073
2.3447670596266597,1.0,0.0,0.48675074481833813
0.7397070877372985,1.0,0.0,0.5984646931046363
1.6442966766072773,1.0,1.0,0.527267456485417
0.10498101764854662,1.0,0.0,0.624821294185499
-0.4001777137740681,1.0,1.0,0.8550417213473515
0.7199574998408191,1.0,0.0,0.2821394484048606
0.7890018360919315,1.0,0.0,0.8837555081806009
0.8549508112310765,1.0,0.0,0.5676903301191493
2.0825009797382523,1.0,0.0,0.11510304096690338
0.9016407761740528,1.0,1.0,0.22700116521465796
2.125227162120894,1.0,0.0,0.5959823856130138
2.327370629840876,1.0,0.0,0.23944623690468037
1.231174236722659,1.0,1.0,0.13141566053746057
2.5566003937791315,1.0,1.0,0.16184771412383514
0.9829767175292152,1.0,0.0,0.8448725182357391
-0.8232588974380769,1.0,1.0,0.6021836538927108
1.4068261729407814,1.0,1.0,0.9635670871883419
2.639974983843973,1.0,1.0,0.34567921329602547
0.8262092933039249,1.0,1.0,0.5956250981349497
1.4764827282298858,1.0,1.0,0.5989852889734197
0.887110970220839,1.0,0.0,0.6157042872039488
2.759922109779665,1.0,0.0,0.05917720718572239
2.0000526301494883,1.0,0.0,0.7503171845746859
1.5147277443808993,1.0,0.0,0.9482094981876252
1.1224246266229168,1.0,0.0,0.5346790571795887
3.907606279138114,1.0,0.0,0.1925560209550684
1.5325760088157814,1.0,0.0,0.7529259149799422
3.630238098896924,1.0,0.0,0.0073189693278638
1.2228774972467926,1.0,1.0,0.32825610365078084
2.042269208249005,1.0,0.0,0.9176063476443932
2.515272572411844,1.0,0.0,0.5883673328938768
1.0215078689794117,1.0,0.0,0.8551902839041353
1.4673036189912816,1.0,1.0,0.6046720523491877
3.4358152268934656,1.0,0.0,0.822578152523871
2.491066666260078,1.0,1.0,0.8794835234293169
2.7872659394867383,1.0,0.0,0.3209863745244532
2.674222504371806,1.0,1.0,0.12295477155217849
0.09192882131413493,1.0,0.0,0.7213033441865708
3.285210933951104,1.0,0.0,0.44034708683123824
1.0584162144349394,1.0,1.0,0.1267357091420086
-1.144595555242605,1.0,1.0,0.5898236481098892
1.2343105625369524,1.0,1.0,0.03606831456985993
1.895573519041954,1.0,1.0,0.20018211641098693
-0.1608931352716515,1.0,1.0,0.7883011896679689
3.0300712176406774,1.0,1.0,0.012096760015357866
3.405555912859552,1.0,0.0,0.3033456717085691
1.3902327629230355,1.0,0.0,0.021375961088070716
2.09488674924698,1.0,0.0,0.9974849927283295
0.7589347784478335,1.0,1.0,0.5820299763434618
1.5235950649298002,1.0,0.0,0.29337627848605663
0.8398316881206127,1.0,0.0,0.9289494618931157
0.24812656716469084,1.0,1.0,0.5071194235482045
0.5727761112567442,1.0,0.0,0.4546922275524069
0.19517140177060377,1.0,1.0,0.5878715062961865
1.5594372316521303,1.0,1.0,0.2641376442105696
3.4785984385871798,1.0,0.0,0.3052882993474333
3.3894151649838262,1.0,0.0,0.37165457672418245
1.5974654884581705,1.0,0.0,0.24444799937161088
0.5282178436782065,1.0,1.0,0.5845472661166298
-0.27672704273979465,1.0,1.0,0.6958461339323264
3.5741828950179664,1.0,0.0,0.07194722016400112
-1.1958470619889565,1.0,1.0,0.9710833196254638
-0.8105130389116904,1.0,1.0,0.7530706558694549
0.6589191800182118,1.0,0.0,0.8061631629534083
1.6128424678186783,1.0,0.0,0.7516404040812905
2.204111699711446,1.0,0.0,0.0800609772712173
1.7782119996341805,1.0,0.0,0.48169628302117706
0.7809675550986778,1.0,1.0,0.44567295640165605
1.6975033642471589,1.0,0.0,0.6724726505249299
0.7644124727883503,1.0,0.0,0.4487372588243219
0.2387634049760332,1.0,1.0,0.7043133983839096
2.029531567618509,1.0,0.0,0.6816453376026229
1.7115867399901321,1.0,0.0,0.6971485287527562
2.6319287964033,1.0,0.0,0.6186007425615364
1.6195319440960907,1.0,0.0,0.15098073327964578
2.256203564118394,1.0,0.0,0.760802456305756
2.7916583746895736,1.0,0.0,0.781045822193957
0.3384641901986233,1.0,1.0,0.9041029859138049
1.157236392982222,1.0,1.0,0.23376869260410593
2.5356697189918433,1.0,0.0,0.17667889307234141
2.432509570855426,1.0,0.0,0.3910991231067624
2.411930763127363,1.0,0.0,0.3205646539951602
2.753206568329892,1.0,0.0,0.8154769290056262
2.059187499224411,1.0,0.0,0.6135258996684316
2.215438652283998,1.0,0.0,0.7600017523497489
1.077211826128385,1.0,1.0,0.4276650996969642
-0.033219246892990606,1.0,1.0,0.09944056291558923
2.8786602888381942,1.0,0.0,0.11503501205024624
0.553896362040591,1.0,1.0,0.3734071317371953
1.6391847007052696,1.0,0.0,0.19384776750950716
0.38313980384750423,1.0,0.0,0.8207464986229382
0.5661702221873152,1.0,1.0,0.5996360084237168
0.8348695041864901,1.0,0.0,0.688845259018665
2.743078170452464,1.0,1.0,0.4911099613042962
2.6158314695008014,1.0,1.0,0.08817368124218106
0.6233032625398018,1.0,1.0,0.23507763668617032
2.4868672899181936,1.0,0.0,0.461602080891622
3.4213307821166206,1.0,0.0,0.19859150305392625
2.482471834616521,1.0,0.0,0.0254762357788203
2.4131676427646522,1.0,1.0,0.7293976982561526
1.4893783774117062,1.0,1.0,0.7249167472191191
0.7137855449501437,1.0,1.0,0.33039174636170277
-1.2906590350251699,1.0,1.0,0.8434941260636555
-0.2208032256000474,1.0,1.0,0.42844247595107343
1.5455901920454433,1.0,0.0,0.8646861447635343
0.16554333952697675,1.0,1.0,0.6570654246228895
1.5719730275650845,1.0,0.0,0.5810356574180902
0.1315025547905958,1.0,1.0,0.200727488035091
1.9169118626992487,1.0,0.0,0.5295466104783949
0.7354748959657247,1.0,0.0,0.8944324184275724
0.5005064250163382,1.0,0.0,0.30499397583521604
0.8782093582138002,1.0,0.0,0.8709456091610533
0.6061346424106069,1.0,0.0,0.9087452728583881
0.45514554902332116,1.0,0.0,0.32984456268188234
2.8731888248523987,1.0,0.0,0.6830743663365642
1.1124784122418174,1.0,0.0,0.8992209495659688
2.2085528183499554,1.0,0.0,0.07569688175830336
1.9616808714126095,1.0,0.0,0.8785878632047704
0.844617531219687,1.0,1.0,0.1908393632684806
2.0111451122856083,1.0,0.0,0.8497689100179306
-0.8824062545403335,1.0,1.0,0.6671187886992039
0.9435641137068562,1.0,0.0,0.34433919545005387
2.9101246061395205,1.0,0.0,0.151375569992799
2.1078770522516503,1.0,1.0,0.6353709614884534
0.53664625033208,1.0,1.0,0.8477880437147416
1.4926491484567554,1.0,0.0,0.8218493747640105
0.7015944661744895,1.0,0.0,0.6282395971306578
0.42856302199157614,1.0,1.0,0.9563015097552321
-0.06665564977291871,1.0,1.0,0.5899231270757698
0.7610281661604985,1.0,1.0,0.1978327846479193
2.5535611478538183,1.0,0.0,0.4293307226164923
-1.1880226880733358,1.0,1.0,0.3367459987011673
0.6567333623789726,1.0,1.0,0.991945011907281
1.1113487153359838,1.0,0.0,0.38023649611726473
-0.2031830232429045,1.0,1.0,0.992700873664818
1.8238831604693213,1.0,1.0,0.5188042507334142
1.2386204277249138,1.0,1.0,0.17227970147712546
1.96551940348141,1.0,1.0,0.07457407125147986
0.16970001291690284,1.0,0.0,0.37030569377388767
0.5763291551558888,1.0,1.0,0.12341885981472989
1.0625868171308985,1.0,0.0,0.6345187162918416
0.16574495904648623,1.0,1.0,0.4139198457294089
0.8843625434125453,1.0,1.0,0.9909156325254501
1.3656693517649776,1.0,1.0,0.9299556236533179
-0.1433890480898754,1.0,1.0,0.14923603230975002
0.927585966915042,1.0,0.0,0.3948822625368005
-0.5291795597386826,1.0,1.0,0.46157971096238615
1.8072388860256035,1.0,1.0,0.5609487551219452
0.0243218196408711,1.0,1.0,0.7803635232892685
1.6349629589774866,1.0,0.0,0.48719390907342375
1.5148691698496766,1.0,0.0,0.4199935520102408
-0.0952017761582078,1.0,1.0,0.26199970471933565
1.5491898308174126,1.0,0.0,0.9108061390867584
1.4657834835145662,1.0,1.0,0.022271511532804156
1.460543220635298,1.0,1.0,0.8211218982189646
2.0601353497277666,1.0,0.0,0.18846839966641848
1.149350101924194,1.0,0.0,0.6857568991725472
0.2115643035808492,1.0,1.0,0.35520938933964374
2.597436238345455,1.0,0.0,0.9742126278950913
3.435522717799813,1.0,0.0,0.12277212944941995
2.2470603059440735,1.0,0.0,0.18756989261723955
1.8482434671708041,1.0,0.0,0.8894424754644789
1.0034125837756196,1.0,0.0,0.5834063146082279
4.099670143704391,1.0,0.0,0.3092463846587796
0.5128277465472739,1.0,1.0,0.0007643854781880233
0.5166918777495951,1.0,1.0,0.22759773832225305
0.5957610249302776,1.0,1.0,0.1454036341712357
3.9555380719995785,1.0,0.0,0.2034338243700906
1.3393052825154443,1.0,0.0,0.8963225568040046
1.579394154795361,1.0,1.0,0.8730943782696405
1.3171304934717287,1.0,0.0,0.7002894376334498
-0.4961028895412426,1.0,1.0,0.47049767615220905
2.045503005354664,1.0,0.0,0.8271360023322883
1.0961519586988584,1.0,0.0,0.49582639708521237
-0.5274847619332385,1.0,1.0,0.36348868328490525
0.44157817254817183,1.0,1.0,0.27560310276085875
1.103664060654468,1.0,1.0,0.9247408135383717
3.6683097502636905,1.0,0.0,0.38698923425629217
-0.6852171131316386,1.0,1.0,0.49288087343132025
-0.04809220109311907,1.0,0.0,0.2544381023144221
2.134375489976424,1.0,0.0,0.8849665188380633
2.2106136030859997,1.0,0.0,0.38326345680528673
0.2770183382236434,1.0,1.0,0.29757471531387525
0.9894639657966993,1.0,1.0,0.7175949621947544
1.6566297585781355,1.0,1.0,0.19086994317230743
2.9033695861130484,1.0,1.0,0.11819262934703845
1.1282103025554509,1.0,0.0,0.8369977822135122
1.8371261071630367,1.0,1.0,0.7441359213695352
1.1271325231914535,1.0,0.0,0.5905205476471171
0.3741880341512488,1.0,1.0,0.24289157496487068
1.9558324977601989,1.0,0.0,0.6232471451875841
0.39594398647606965,1.0,0.0,0.638355320741173
0.7090490192593093,1.0,0.0,0.32756944411232514
3.5178292417962487,1.0,0.0,0.06748934306754228
-1.4714778250641907,1.0,1.0,0.8805385975643267
1.8937513695444892,1.0,0.0,0.4599567310742584
1.0213921652099665,1.0,0.0,0.7638727180664299
1.7790332348322644,1.0,0.0,0.2538886209427397
-0.6908887554219092,1.0,1.0,0.5913871822675169
-1.2909921923537342,1.0,1.0,0.4287951603487977
0.1166996379977484,1.0,1.0,0.38210064254913956
-0.18165768407883953,1.0,1.0,0.12671338384692277
1.7457693804736236,1.0,0.0,0.24426666320897583
2.614967653944828,1.0,0.0,0.07934158295831895
1.315490221413735,1.0,0.0,0.3028583047175786
-0.5139514386879404,1.0,1.0,0.7417048002315554
1.8337466142117729,1.0,0.0,0.6150157249710488
0.7024718642312523,1.0,0.0,0.6724110989339258
1.7378660751201163,1.0,0.0,0.00838307952503159
0.2929306982327972,1.0,1.0,0.6783769722513199
0.9811291812783576,1.0,1.0,0.503180690542887
4.306784410614849,1.0,0.0,0.23090845048417918
3.9278336540706595,1.0,0.0,0.17489650898192222
1.029515114595039,1.0,0.0,0.18498296555082983
-0.8159673886515656,1.0,1.0,0.8442600050750985
0.5122603947156875,1.0,1.0,0.9825897893050853
1.7297584710557992,1.0,0.0,0.9137396248416316
0.6711504710615892,1.0,1.0,0.3473694203728128
2.7114584489734206,1.0,1.0,0.7802245796913637
1.8455572908833164,1.0,1.0,0.5464545907014307
2.161515127228763,1.0,1.0,0.8164423975559377
0.29032934270799976,1.0,1.0,0.48372695118890585
-0.2546151686687539,1.0,1.0,0.5899512982994037
0.2471875019936589,1.0,0.0,0.7872634475242615
0.8940329391217979,1.0,1.0,0.10023464310313235
-0.5840272498029125,1.0,1.0,0.5370071168405407
1.3073865592792362,1.0,0.0,0.36598334666965426
1.1282195249793838,1.0,0.0,0.6043068436688722
1.4017298690341116,1.0,1.0,0.9588025156370005
0.29709953552088164,1.0,1.0,0.39282294499696246
-0.6371953026783737,1.0,1.0,0.39297299794161644
0.0865125262202151,1.0,1.0,0.7906369935895988
0.7990858783604466,1.0,1.0,0.6450783990854264
1.330141887091231,1.0,1.0,0.3938840078553765
0.5205288745068138,1.0,0.0,0.6889550482302514
2.5218311827277775,1.0,0.0,0.404001609054379
3.7851633556103135,1.0,0.0,0.1361131542481221
2.285240455779214,1.0,0.0,0.45064326867213444
1.0512743456488438,1.0,1.0,0.3344193926972726
0.4562448949137074,1.0,1.0,0.2179689300611679
-0.13923683530216802,1.0,1.0,0.9257748016364399
-1.4439642649112505,1.0,1.0,0.6896393990795577
1.244991435039093,1.0,1.0,0.5988208906234219
0.20192565088315745,1.0,1.0,0.746657472123005
1.8035905016875882,1.0,0.0,0.5419710617714415
1.9281824319438585,1.0,0.0,0.7005330726195026
-0.3169159415706677,1.0,1.0,0.9305598192498451
1.516765649413057,1.0,1.0,0.8626166945052219
1.060498625369714,1.0,1.0,0.1674418575065213
3.6308116144284073,1.0,0.0,0.2631390239238742
2.713906855501428,1.0,0.0,0.07161027944180454
0.7677834046750237,1.0,1.0,0.978672805158347
0.6157870507954557,1.0,1.0,0.23638409866037557
2.956721013344528,1.0,0.0,0.6605983559285987
0.39963173187144063,1.0,0.0,0.089630698927462
1.7063055079895917,1.0,0.0,0.21077094208701874
1.406499727756516,1.0,0.0,0.5028243835184045
-0.5269721773289033,1.0,1.0,0.10495366832992803
-0.021924702825000364,1.0,1.0,0.38887340269472437
-0.5150521886565038,1.0,0.0,0.5379877201396809
2.1799843252955218,1.0,0.0,0.33920418488509996
0.22475907521880556,1.0,0.0,0.5559002111265755
2.028791017165427,1.0,0.0,0.536768321942464
0.5097622409347968,1.0,1.0,0.3906104987369058
0.5998013193113743,1.0,0.0,0.6962700831011029
-0.9617560958427542,1.0,1.0,0.6784824539979241
-0.09560620799571506,1.0,1.0,0.6873031493743899
1.932247699665744,1.0,0.0,0.5614912587993742
1.8298974749989823,1.0,0.0,0.3580799140129358
2.212654628067895,1.0,0.0,0.6131123353670123
0.36093476263524016,1.0,0.0,0.9357362666081998
3.1756590493709487,1.0,0.0,0.5968885249459731
0.21082637209670013,1.0,1.0,0.9795901743594252
0.9665195686562748,1.0,0.0,0.4410066204088712
2.6866770556574333,1.0,0.0,0.7396119625075467
2.4251571825107314,1.0,1.0,0.03760387864960013
1.2549079944758788,1.0,0.0,0.7647266390004861
1.2030844910833254,1.0,0.0,0.5182815803268124
3.6150932423053113,1.0,0.0,0.0053165329611032375
-0.03774242695382379,1.0,1.0,0.2772001047825985
2.5970796092780266,1.0,0.0,0.5348322325198115
-0.8419386845377224,1.0,1.0,0.7679628782813116
2.5053041202341753,1.0,0.0,0.05309259545252509
1.652041859496709,1.0,0.0,0.5490534438505197
2.509036766336042,1.0,0.0,0.800994555798356
-1.2212415295467387,1.0,1.0,0.6495830548784789
0.7035405028607404,1.0,1.0,0.9314470149929107
0.9110299183243672,1.0,1.0,0.07473144501476114
0.8596130285084793,1.0,1.0,0.2768064626005866
0.28273708643367945,1.0,0.0,0.9192375042561725
0.04283787801081185,1.0,0.0,0.7650051482981429
1.102415573281409,1.0,0.0,0.5997403444720987
0.27192585831846416,1.0,1.0,0.8329681438370704
2.6671923219181752,1.0,0.0,0.896043491575002
0.5630068083248065,1.0,1.0,0.9727203528528249
1.0804863152475643,1.0,0.0,0.9985205070898059
1.6702705646459246,1.0,1.0,0.13964933368410348
-0.5761299990091833,1.0,1.0,0.07054204474369918
3.2631928806600845,1.0,0.0,0.07346665436012334
2.005657415175299,1.0,1.0,0.01474379089994693
2.018882952948805,1.0,0.0,0.971820072977926
0.679902831311139,1.0,1.0,0.09476691645722912
0.017826995760807485,1.0,0.0,0.8417368261858497
0.4622862381864664,1.0,0.0,0.6851729969076996
0.9531626668865864,1.0,1.0,0.4875571674829181
1.3401192666009925,1.0,1.0,0.3466948813585782
3.2398837506670324,1.0,0.0,0.35364778706700506
2.396433713271533,1.0,1.0,0.2538388823471872
2.0469479861480346,1.0,0.0,0.9110179736986265
1.4282516106169745,1.0,0.0,0.725642545494869
1.3440425211978837,1.0,1.0,0.025925792784269874
1.5425299462772577,1.0,0.0,0.46152125324711457
3.1533265360486187,1.0,0.0,0.28130127253681136
1.6703798509331338,1.0,1.0,0.02896618617789848
1.4203935363455569,1.0,0.0,0.8846818943092944
-0.7118827448878748,1.0,1.0,0.7710053579546823
3.0536667181280106,1.0,0.0,0.32973507924426093
-0.995801740204446,1.0,1.0,0.796558587536711
3.248220500044016,1.0,0.0,0.3246383222029966
1.8171879548673346,1.0,1.0,0.30788244381764673
-1.1165222534621604,1.0,1.0,0.9281090785007262
0.40142085085875634,1.0,1.0,0.9769161619458502
-0.5586745472152377,1.0,1.0,0.5235553047168928
0.3157250892499257,1.0,1.0,0.951935167567925
1.0434057826477767,1.0,1.0,0.8879964939264646
0.5495592871737547,1.0,1.0,0.5180325615944087
0.565265791175813,1.0,0.0,0.3727488020974856
1.6748997047909548,1.0,0.0,0.7103545783196094
0.9862237450135922,1.0,1.0,0.455643424642054
0.6060747979060469,1.0,1.0,0.6052128951232129
0.047751828668076035,1.0,0.0,0.9904061968899467
0.98397170756726,1.0,0.0,0.7739162499564685
1.0811125440530367,1.0,1.0,0.33427640499382627
0.863237008751089,1.0,1.0,0.08899822082237796
4.405681401157788,1.0,0.0,0.18490559027840836
0.9367317034778723,1.0,1.0,0.5268518758918344
0.5462054040488047,1.0,1.0,0.417102418106858
1.0116825780026442,1.0,1.0,0.8006596581292397
0.04651498613285421,1.0,0.0,0.9332023381866817
2.728716156298718,1.0,0.0,0.17786474795134855
2.8489170710483345,1.0,0.0,0.8600667708762162
-0.42573341171221135,1.0,1.0,0.9573949263266688
1.4232771642232331,1.0,0.0,0.9594706068497821
1.8344497314623656,1.0,1.0,0.037862587720430496
-0.6452024086506232,1.0,1.0,0.05758350560817371
2.738180999202389,1.0,1.0,0.005797392917688993
0.9937445965909264,1.0,0.0,0.3126811561554764
0.7149116038671395,1.0,1.0,0.05569841271210463
2.4550194016835265,1.0,0.0,0.29386248547054417
1.7264572461701782,1.0,0.0,0.3560164860311865
1.933388203923363,1.0,0.0,0.9536770184739218
0.8635540477680455,1.0,1.0,0.47695092248677795
1.4253281342869442,1.0,1.0,0.27823844242133033
1.7862424579276361,1.0,0.0,0.5030051950509548
2.083471672089128,1.0,1.0,0.6433579246491355
0.43834159041459575,1.0,0.0,0.111245672567435
1.7174446179417733,1.0,0.0,0.7580616581331086
0.20408536481274492,1.0,1.0,0.8519457712872955
0.2911506188005085,1.0,0.0,0.8442498595694283
0.3864860902376155,1.0,0.0,0.8905068324120895
1.3410818213780966,1.0,0.0,0.38184239675576115
1.3131048383178938,1.0,1.0,0.44380519836651855
1.5796236777360906,1.0,0.0,0.10158147594616618
2.0451929262451722,1.0,0.0,0.22580692243123512
0.7274560544582677,1.0,1.0,0.971320469273211
0.936261491283692,1.0,0.0,0.28462396896873543
1.5919478876094537,1.0,1.0,0.9073961422409973
2.908678458631514,1.0,1.0,0.8905522863783111
-0.2010382355694348,1.0,1.0,0.9225044972603934
3.273980171224889,1.0,0.0,0.15614956444079475
0.18228715842193016,1.0,1.0,0.8797221435013809
2.0531460248453612,1.0,0.0,0.6319949504631371
2.057726387018678,1.0,0.0,0.21062817841880244
4.187467087580197,1.0,0.0,0.3451159147800812
0.6296360561424268,1.0,1.0,0.1599187885892832
2.6000843594236067,1.0,0.0,0.4443481574461272
1.630558039880904,1.0,1.0,0.08377495384546052
-0.13471956419232045,1.0,1.0,0.16531849048023983
0.10700715452674947,1.0,0.0,0.19719634646666928
2.0185282186164466,1.0,0.0,0.6910273415567042
1.4963959255688473,1.0,1.0,0.573802869165353
0.6804818957689741,1.0,0.0,0.8733231340367321
0.24906633905596498,1.0,1.0,0.2446340657192081
1.5960575224763995,1.0,1.0,0.6296079567189131
3.4863583800142672,1.0,0.0,0.034431265307095615
2.646500181181383,1.0,0.0,0.516198461077069
0.7608917048465864,1.0,1.0,0.8632264817138495
0.3109465532228427,1.0,0.0,0.9841265438849168
1.4757297165996608,1.0,0.0,0.009872975358918512
-1.1173336020722968,1.0,1.0,0.2528414820768151
0.8417953311242057,1.0,1.0,0.22384967032752534
2.9770471802866396,1.0,1.0,0.047537594227760493
1.5727708028148675,1.0,1.0,0.010172456261775653
0.6242578102967169,1.0,1.0,0.49019531224423174
-0.4608654409965569,1.0,1.0,0.04548214567029407
0.18757618311103696,1.0,1.0,0.278328130846902
0.6183151133908936,1.0,1.0,0.6399745691089123
1.850545227943997,1.0,0.0,0.2946920415609042
1.770699808335002,1.0,1.0,0.26965470115905144
0.4833060362676821,1.0,1.0,0.5905465222435671
2.6106718456123796,1.0,0.0,0.38053407720964005
0.4648579471686757,1.0,1.0,0.7025230339614009
0.5104014900230822,1.0,1.0,0.4961239512498611
1.8763394757030658,1.0,1.0,0.6332092658064775
1.21181437480704,1.0,0.0,0.3533943470016294
1.8043477523143068,1.0,0.0,0.28704394615550866
1.1120210315661068,1.0,0.0,0.13320711375110195
1.2445840959010306,1.0,0.0,0.9370803847989643
2.3658489248882715,1.0,0.0,0.8048358460157946
1.8282458165206632,1.0,0.0,0.9380285431563524
3.0260693821787115,1.0,0.0,0.1853805246478023
1.521409282605817,1.0,1.0,0.9331557628232255
1.7744653060528983,1.0,0.0,0.9357532076921331
1.609669881507439,1.0,1.0,0.2835445136036545
2.5150929486763105,1.0,0.0,0.27463424842386297
0.6613129811645954,1.0,0.0,0.5514315736733725
1.4580544318747326,1.0,1.0,0.18528923936855235
1.6817334046417667,1.0,1.0,0.4421011106267658
1.4002805127700517,1.0,0.0,0.1853176459376844
1.3730137908732651,1.0,0.0,0.9473759179539593
2.8085968560583336,1.0,0.0,0.4938246574910856
0.7463745594239588,1.0,0.0,0.9639177674239978
0.18067731602890902,1.0,0.0,0.6449416725122118
1.80248144324546,1.0,0.0,0.4843157730323856
2.7096515329287705,1.0,0.0,0.9676952459611975
