i,t,y,x1,x2,x3
0,0,1.179575628084731,1.0,1.0,0.08748220955359087
0,1,1.2471168305709341,1.0,1.0,0.22730973628468876
0,2,2.031342980851967,1.0,0.0,0.31437661611405043
0,3,1.914892973611987,1.0,0.0,0.17476587635631158
0,4,0.10916192593223933,1.0,1.0,0.6070941619724605
0,5,0.6837105341432366,1.0,1.0,0.41358641500116133
0,6,0.6483281605678453,1.0,1.0,0.8163515118272141
0,7,0.5979550604725109,1.0,1.0,0.18513039826903066
0,8,0.7846813616346162,1.0,1.0,0.7018765297563104
0,9,1.9742379098958973,1.0,0.0,0.24035562484913886
1,0,2.7823796558965235,1.0,0.0,0.5742190888408597
1,1,0.2921124286976884,1.0,1.0,0.34898759722078887
1,2,4.750505240834502,1.0,0.0,0.05696439948283272
1,3,2.323532492216504,1.0,1.0,0.22881367096037586
1,4,0.7778732778134139,1.0,1.0,0.6641025553547935
1,5,2.0693189254150894,1.0,0.0,0.4972500933605313
1,6,3.071567779917395,1.0,0.0,0.5190159840736788
1,7,1.303071714505814,1.0,1.0,0.1747201501089225
1,8,2.140760534606816,1.0,0.0,0.5707158515462564
1,9,2.38216651037255,1.0,0.0,0.99675342520821
2,0,1.1976868932842126,1.0,0.0,0.8168351087916219
2,1,1.3013385059104055,1.0,1.0,0.5943726238309778
2,2,1.0081639771294653,1.0,0.0,0.9759890683309049
2,3,2.4788287512072738,1.0,0.0,0.9015625846693213
2,4,1.199829758179699,1.0,1.0,0.5956079336026455
2,5,3.7593340392483436,1.0,0.0,0.032426325314457105
2,6,3.7500199945930537,1.0,0.0,0.09357709581748075
2,7,4.062997957545407,1.0,0.0,0.06537171504222639
2,8,1.489753769517493,1.0,1.0,0.4517331486914753
2,9,3.249727153463064,1.0,0.0,0.37543483316785775
3,0,0.702459920234295,1.0,0.0,0.9753500342702865
3,1,0.6631655148209658,1.0,0.0,0.1679832931996149
3,2,0.5069084535192052,1.0,1.0,0.9727875919326552
3,3,-0.4444373853275212,1.0,1.0,0.7674748688630131
3,4,0.7025238602353223,1.0,1.0,0.8242378396244978
3,5,0.6756295677211714,1.0,1.0,0.6326158167779973
3,6,0.9283521229905518,1.0,1.0,0.668732770206732
3,7,0.3843705524039627,1.0,0.0,0.47688233352119336
3,8,1.1330418235098267,1.0,0.0,0.013136356923072245
3,9,1.1898393602802642,1.0,0.0,0.3530060855418248
4,0,0.8658481078423845,1.0,1.0,0.49207180149355845
4,1,0.3545624537294735,1.0,1.0,0.7300912110901043
4,2,0.8759971317967601,1.0,1.0,0.4686283427461092
4,3,0.7638447277680822,1.0,1.0,0.4574049160894317
4,4,1.4772838264357666,1.0,1.0,0.13766274094560316
4,5,0.7863621051244849,1.0,1.0,0.01088873380347899
4,6,1.530786616915592,1.0,0.0,0.7582782604769962
4,7,0.974674759246907,1.0,1.0,0.3199528380776784
4,8,0.8280983312122374,1.0,1.0,0.9843834501935107
4,9,2.1963431954406754,1.0,0.0,0.220234226159156
5,0,2.9031884773663807,1.0,0.0,0.33870802548167966
5,1,0.9381452479587076,1.0,1.0,0.5238961356661317
5,2,1.9532772853521856,1.0,0.0,0.7548914570605327
5,3,2.534892821612361,1.0,0.0,0.46385778390029564
5,4,1.2421565181075442,1.0,1.0,0.12482254311167629
5,5,2.596289709593338,1.0,1.0,0.3125013784920495
5,6,0.5691765097032198,1.0,1.0,0.5045191697009946
5,7,1.4994220742908628,1.0,0.0,0.6738490080168676
5,8,0.37843127793052633,1.0,1.0,0.7701499563120922
5,9,3.084526373891075,1.0,0.0,0.13033578095435427
6,0,1.3407808141643056,1.0,0.0,0.022915131322381765
6,1,1.0593349935411918,1.0,1.0,0.5190823222119895
6,2,1.1073159732456366,1.0,1.0,0.8099887106624163
6,3,1.466449984806732,1.0,0.0,0.012603767029876312
6,4,-0.9504949544948433,1.0,1.0,0.6724698446537339
6,5,0.48687787008449424,1.0,1.0,0.6868082266569918
6,6,-0.2886403957446863,1.0,1.0,0.44924675358663757
6,7,-0.011411441749647117,1.0,1.0,0.9147886867419343
6,8,0.17884517793628307,1.0,0.0,0.6443610847569929
6,9,1.5697611061220806,1.0,0.0,0.005239837651465851
7,0,0.45217576201647347,1.0,1.0,0.4844284455143756
7,1,0.9282431747658615,1.0,1.0,0.8593178060976
7,2,1.6081621420539072,1.0,0.0,0.8303995700373394
7,3,1.4979791723829547,1.0,0.0,0.6491541971124779
7,4,1.6221676868348398,1.0,0.0,0.6736984238986317
7,5,2.1853919591381565,1.0,0.0,0.5784995797892005
7,6,0.7428203879755942,1.0,1.0,0.27411977516685215
7,7,1.1715282040032116,1.0,1.0,0.5605299905360588
7,8,0.6346553505969218,1.0,1.0,0.6717297848174203
7,9,2.2605791752988273,1.0,0.0,0.35242963021640883
8,0,1.0944306215032282,1.0,1.0,0.8558283672539277
8,1,3.804473558677881,1.0,0.0,0.1950374860087073
8,2,2.1487691970579617,1.0,0.0,0.7473208103319232
8,3,1.1989604322828105,1.0,1.0,0.2896027461868774
8,4,1.1096174996608001,1.0,1.0,0.773799287244182
8,5,1.7610939641107164,1.0,0.0,0.4277373293360762
8,6,1.54574819389298,1.0,1.0,0.8076984091122095
8,7,0.440209916559291,1.0,1.0,0.3535348626679904
8,8,3.5371511296746556,1.0,0.0,0.21369323762958115
8,9,0.47169690133077913,1.0,1.0,0.7672845084217665
9,0,4.47662328587355,1.0,0.0,0.3086419476306511
9,1,2.7991111203792247,1.0,0.0,0.7332450677264275
9,2,1.3015862091810584,1.0,1.0,0.7444731530777321
9,3,1.4600423696464822,1.0,1.0,0.22139670090820107
9,4,0.7926320279905339,1.0,1.0,0.21411213682064845
9,5,4.874750584196372,1.0,0.0,0.1989479234270667
9,6,1.7002113303005355,1.0,1.0,0.14251833776584466
9,7,1.2878499968567254,1.0,1.0,0.3770825992073341
9,8,5.111275534211787,1.0,0.0,0.026627884691621473
9,9,3.051676379452652,1.0,1.0,0.11092036903424063
10,0,0.11128922450412765,1.0,1.0,0.6745640237634105
10,1,0.5220091327522788,1.0,1.0,0.7997765368973863
10,2,0.11478558622842316,1.0,1.0,0.0805295271283859
10,3,2.2490350928209915,1.0,0.0,0.23170231048579204
10,4,1.2426689750533837,1.0,0.0,0.20762566180381437
10,5,-0.5087159537222664,1.0,0.0,0.9173335630816306
10,6,2.312780300854308,1.0,0.0,0.7113145181364867
10,7,0.5568486222135127,1.0,0.0,0.5538846110514143
10,8,1.220046757488274,1.0,1.0,0.30451798792062024
10,9,0.7137510849686797,1.0,1.0,0.8348540476317985
11,0,1.6007364292097852,1.0,1.0,0.43530595762951996
11,1,0.6977413865794886,1.0,1.0,0.9234562151187752
11,2,1.0882027158243892,1.0,1.0,0.7060518043359332
11,3,1.8374836006277446,1.0,1.0,0.47803130796528337
11,4,1.5434407324063424,1.0,1.0,0.1262101037493587
11,5,2.0320047553469878,1.0,0.0,0.9760435504677476
11,6,4.503574713128294,1.0,0.0,0.15983365034409336
11,7,3.9252708836441426,1.0,0.0,0.2026021252196626
11,8,2.9345512673236196,1.0,0.0,0.43118175516037094
11,9,3.951974047587666,1.0,0.0,0.40420190577514725
12,0,3.2804779677274323,1.0,0.0,0.14675148076429412
12,1,0.6771532165180449,1.0,1.0,0.7293189193611234
12,2,0.8284223628711681,1.0,1.0,0.18874506687718595
12,3,0.2974220983077813,1.0,1.0,0.6438956443116628
12,4,1.1698203869178214,1.0,1.0,0.7543059505762987
12,5,1.6666458685903933,1.0,1.0,0.21073239208332073
12,6,-0.2528884635207037,1.0,1.0,0.60095424810764
12,7,1.4791897576083122,1.0,0.0,0.7489283752458364
12,8,2.4609759114534855,1.0,0.0,0.6382187106203334
12,9,2.047556482669737,1.0,1.0,0.5971273029466491
13,0,1.6854225545202508,1.0,1.0,0.29548228565549706
13,1,1.4758170278531881,1.0,0.0,0.7316064712415088
13,2,1.5121928560226432,1.0,0.0,0.9453084399999497
13,3,0.27770674591396854,1.0,1.0,0.42556139026154693
13,4,1.3464657364578256,1.0,0.0,0.7821818168314053
13,5,1.2520943728711478,1.0,0.0,0.056141039661915304
13,6,0.6325362811055972,1.0,0.0,0.8352716024899659
13,7,0.8315299180512421,1.0,1.0,0.1922500168221477
13,8,1.6407741345746198,1.0,1.0,0.3950968688899732
13,9,0.9816509058720502,1.0,1.0,0.30008104592535645
14,0,1.0735012223827711,1.0,1.0,0.08010364380604929
14,1,0.3535977528461808,1.0,1.0,0.9046310029362429
14,2,1.1028797918928115,1.0,0.0,0.37015417755373825
14,3,0.9201787381663455,1.0,1.0,0.5306974384761395
14,4,1.3994155308052345,1.0,0.0,0.49411626589632507
14,5,1.0123113264805894,1.0,1.0,0.13216114194293815
14,6,1.6061663670926414,1.0,0.0,0.20645405888943302
14,7,2.3725732790075327,1.0,0.0,0.07618880903232117
14,8,0.7855834669143241,1.0,0.0,0.5079216999452875
14,9,1.0445485310831537,1.0,1.0,0.2615495518329871
15,0,1.4907318684938362,1.0,1.0,0.3570616088827919
15,1,1.501741822861844,1.0,1.0,0.10806532869723684
15,2,2.4322034287826257,1.0,0.0,0.7875518396525072
15,3,1.20846809370767,1.0,1.0,0.1065838767888011
15,4,1.3987776459015353,1.0,0.0,0.9857088237131878
15,5,2.66887503823499,1.0,0.0,0.17716116443841734
15,6,1.2364547955428107,1.0,0.0,0.5724051124346493
15,7,3.8002199878980893,1.0,0.0,0.044845334589088126
15,8,1.0536649597985182,1.0,1.0,0.7871162896558341
15,9,2.262577767568302,1.0,0.0,0.18960594781829654
16,0,0.3053678515853227,1.0,1.0,0.5279039784081266
16,1,1.8220630687482737,1.0,0.0,0.7400775431590716
16,2,1.5002709788181101,1.0,1.0,0.14993148491725594
16,3,0.8097559804801125,1.0,1.0,0.5510871741869717
16,4,1.1007730857642877,1.0,1.0,0.2166172083287794
16,5,1.4105512778522782,1.0,0.0,0.7591960493171447
16,6,1.5543050010122232,1.0,0.0,0.7229151935562137
16,7,3.2392748310968997,1.0,0.0,0.17654903427708302
16,8,2.0691776777308606,1.0,0.0,0.8619665576670734
16,9,2.2206210168160716,1.0,0.0,0.019775099516344263
17,0,0.7640654324480506,1.0,0.0,0.8602369974231152
17,1,-0.22941541124141518,1.0,1.0,0.5589038111609383
17,2,0.3898276821115314,1.0,0.0,0.4032204721058492
17,3,1.0555846125694512,1.0,0.0,0.7587469310223366
17,4,-0.09857034700398093,1.0,1.0,0.7169290016924699
17,5,-0.9587015513484389,1.0,0.0,0.9873261748084265
17,6,1.5093021168259428,1.0,0.0,0.2780850486129828
17,7,1.2620524973053882,1.0,1.0,0.0037936724093425855
17,8,1.283296739931457,1.0,1.0,0.9339026083148878
17,9,0.49797628229561597,1.0,0.0,0.8578971045378938
18,0,1.1785323539675812,1.0,0.0,0.7288508775192559
18,1,-0.7564505048652784,1.0,0.0,0.5166887829215384
18,2,-0.3326106794547512,1.0,1.0,0.706956245248761
18,3,0.6941302971650827,1.0,0.0,0.7805295568767427
18,4,0.8670362968358702,1.0,0.0,0.3748759435368594
18,5,1.098955317826221,1.0,0.0,0.7703225253299576
18,6,0.9251147048906274,1.0,0.0,0.7506243191751754
18,7,0.16533609642327315,1.0,1.0,0.6132112115442597
18,8,1.3804111968054316,1.0,0.0,0.4018659239678374
18,9,0.812472152482385,1.0,0.0,0.6973080192643409
19,0,4.4248013629164085,1.0,0.0,0.0031128578251921057
19,1,1.3511190271214777,1.0,0.0,0.7748966467245978
19,2,0.7875491585873426,1.0,1.0,0.896416602456847
19,3,0.9519379963242189,1.0,1.0,0.23931570743750463
19,4,3.6033528228499776,1.0,0.0,0.12076718430922972
19,5,2.8106196894870337,1.0,0.0,0.2202839877937276
19,6,0.9753299841693139,1.0,1.0,0.3020967312900983
19,7,-0.017922792494204365,1.0,1.0,0.8830285085638342
19,8,1.0363054105229166,1.0,1.0,0.5431664302380945
19,9,3.305009207932193,1.0,0.0,0.2867116496064306
20,0,2.3049529639552317,1.0,0.0,0.13835468979294652
20,1,0.058125660261537426,1.0,0.0,0.29014446310454167
20,2,0.35292559856909844,1.0,0.0,0.6138710897412526
20,3,2.520489550232309,1.0,0.0,0.3241385298974466
20,4,0.45213926590911774,1.0,1.0,0.45736018169099846
20,5,0.47817419359196495,1.0,1.0,0.44411710701661444
20,6,0.9708281382696207,1.0,1.0,0.8281353607315121
20,7,1.4800130139879821,1.0,0.0,0.4263481542362306
20,8,0.2887242045444558,1.0,1.0,0.3456988211755023
20,9,0.34197406840420735,1.0,1.0,0.6749716048091052
21,0,1.7937958526537259,1.0,0.0,0.22148205573352875
21,1,-0.01652108410322861,1.0,0.0,0.4672458239265538
21,2,1.4263161782805915,1.0,0.0,0.31476568732401644
21,3,0.08046949459793695,1.0,1.0,0.6268556021628346
21,4,0.05233705574942904,1.0,1.0,0.8773604746948126
21,5,1.6178707521391456,1.0,0.0,0.4476890001456285
21,6,-0.11671452317892955,1.0,1.0,0.7844574187919231
21,7,0.6942327230784985,1.0,1.0,0.4569657005615504
21,8,0.04882886059877345,1.0,1.0,0.6562293317171314
21,9,0.20184168289922422,1.0,0.0,0.13184097502750214
22,0,0.3496204570526548,1.0,1.0,0.43298150696764814
22,1,0.8635881904531192,1.0,1.0,0.9093119886549367
22,2,0.2761976375575532,1.0,1.0,0.6054790010309347
22,3,0.5929471952411516,1.0,1.0,0.7667745872371021
22,4,1.0904309843310904,1.0,0.0,0.5047006080958943
22,5,0.4309053465532318,1.0,1.0,0.49805562482800747
22,6,0.5210426044120412,1.0,0.0,0.8428998401928499
22,7,1.5548678315534654,1.0,0.0,0.06780693434095375
22,8,-0.6362015435309152,1.0,1.0,0.5732722715496846
22,9,0.4415698373669391,1.0,0.0,0.9427625754329493
23,0,0.06555181654336217,1.0,1.0,0.5178600481723219
23,1,3.339193035320281,1.0,0.0,0.1944658095278845
23,2,0.8914615516480427,1.0,1.0,0.8479393924434762
23,3,0.8380012951252434,1.0,1.0,0.25163914235585283
23,4,2.4118865880040183,1.0,0.0,0.700726036482538
23,5,1.1457034444181982,1.0,1.0,0.5402609403968999
23,6,0.7976116409431805,1.0,1.0,0.9488362882802196
23,7,1.9769618360298449,1.0,0.0,0.6243367024026759
23,8,0.9571025592482839,1.0,1.0,0.8379779620477293
23,9,2.0737941413306302,1.0,1.0,0.007932876194523097
24,0,0.22142231092880404,1.0,1.0,0.989340056166638
24,1,2.7303851555998753,1.0,0.0,0.07771457033238649
24,2,1.6136678269759863,1.0,1.0,0.3221295136147696
24,3,0.2526064070998817,1.0,0.0,0.9461523954567653
24,4,0.05085407492963889,1.0,1.0,0.008939102371245067
24,5,0.6742233537814678,1.0,0.0,0.8227300054219355
24,6,0.7115289367329392,1.0,1.0,0.8612116383667944
24,7,0.9907545739493632,1.0,1.0,0.4398308142085725
24,8,1.331598882449645,1.0,1.0,0.2557451938059312
24,9,0.6929794745034639,1.0,1.0,0.8026895196332986
25,0,1.7288562110941141,1.0,1.0,0.47786200443222115
25,1,2.1049395684685486,1.0,1.0,0.13433860865569613
25,2,2.140562384886631,1.0,0.0,0.9278489928250108
25,3,1.029618711459261,1.0,0.0,0.8959699670066484
25,4,1.1299439631121913,1.0,1.0,0.49154515001693533
25,5,0.2445095759398937,1.0,1.0,0.8567024965177922
25,6,2.2436563901116107,1.0,0.0,0.41857802576409864
25,7,1.4429403885882288,1.0,0.0,0.6834649001663011
25,8,2.547055538496073,1.0,0.0,0.39799063940792245
25,9,1.207913620529704,1.0,1.0,0.5057420174508104
26,0,1.5050477752149727,1.0,1.0,0.1895517028339273
26,1,1.1696950190500441,1.0,0.0,0.9649889241109139
26,2,2.5110832228401705,1.0,0.0,0.2942156882442547
26,3,3.5211514184306094,1.0,0.0,0.10345955611640134
26,4,3.369423729842425,1.0,0.0,0.1443154002290481
26,5,4.628718507723525,1.0,0.0,0.014092294192442956
26,6,0.7434357752002118,1.0,1.0,0.7159456994623945
26,7,0.9437576236676586,1.0,1.0,0.5644983202408741
26,8,0.7615853956371142,1.0,1.0,0.7945783511847522
26,9,1.6428261615197661,1.0,1.0,0.5070799232841364
27,0,1.5467359731495507,1.0,1.0,0.7918210395041538
27,1,1.009533720103763,1.0,1.0,0.6957642142718394
27,2,0.6139529438183414,1.0,1.0,0.7778484768591754
27,3,3.256087537633298,1.0,0.0,0.4064828689770863
27,4,2.265359941648873,1.0,0.0,0.6477706331874812
27,5,1.0690442552759511,1.0,1.0,0.1797942976929744
27,6,3.2670746179974244,1.0,0.0,0.321819963387904
27,7,3.2717919166773357,1.0,0.0,0.1726046201197925
27,8,1.8327627190678526,1.0,0.0,0.4086372250132624
27,9,1.5225181464291941,1.0,1.0,0.2414187479655988
28,0,1.7899089668070016,1.0,0.0,0.4069219941293579
28,1,-0.533033354909606,1.0,1.0,0.9752223424373121
28,2,0.7004870115163537,1.0,0.0,0.32031932582203126
28,3,0.4608033456047906,1.0,1.0,0.9824909449748953
28,4,1.6696602972671046,1.0,0.0,0.6363061258559836
28,5,1.9930229912607322,1.0,0.0,0.375091018393911
28,6,0.4029884209216288,1.0,0.0,0.8574844990835966
28,7,1.1750619082703855,1.0,0.0,0.6195867393685738
28,8,1.1021843362757162,1.0,1.0,0.25203308013083936
28,9,-0.3003803272835746,1.0,1.0,0.7928556779768876
29,0,2.49049390535395,1.0,0.0,0.43293850873416306
29,1,2.7304136809152113,1.0,0.0,0.3575111673304414
29,2,3.1521968420282374,1.0,0.0,0.33027693652508094
29,3,-0.4466366367226784,1.0,1.0,0.6973688756131394
29,4,2.9197515572597124,1.0,0.0,0.26865012390622656
29,5,1.7136776557172024,1.0,1.0,0.8082780137053801
29,6,0.8189796397273388,1.0,1.0,0.2952887943998478
29,7,2.0517263358195335,1.0,0.0,0.5441213835853572
29,8,2.804105127830913,1.0,0.0,0.4879214918052024
29,9,0.2931784498509266,1.0,1.0,0.8553564125953698
30,0,1.3530720673160155,1.0,0.0,0.8883864343953859
30,1,0.8721246550075173,1.0,1.0,0.18438444236776674
30,2,0.23661821645812664,1.0,0.0,0.585348458938251
30,3,0.8179258330480008,1.0,0.0,0.8982050460171371
30,4,0.43405500689459076,1.0,0.0,0.4461172190344297
30,5,0.781647680704959,1.0,1.0,0.9218683054838154
30,6,0.516597722265592,1.0,0.0,0.2789908904569709
30,7,-0.49858473742058723,1.0,1.0,0.6088311741937957
30,8,0.3675185908135623,1.0,0.0,0.6824537097668154
30,9,0.17654008606125343,1.0,1.0,0.2282057333504841
31,0,1.683509803085499,1.0,1.0,0.013767512557716799
31,1,0.6990818286775979,1.0,1.0,0.4167239623706961
31,2,1.2233529302562915,1.0,0.0,0.938481891856734
31,3,1.2953424736681582,1.0,1.0,0.34302810983040655
31,4,0.8984278558798633,1.0,0.0,0.7797442954825999
31,5,0.5956446699548235,1.0,1.0,0.17473631282740743
31,6,0.33491644793827635,1.0,1.0,0.34195283630245243
31,7,1.3021366489669466,1.0,1.0,0.14459772083809674
31,8,1.3540142995714144,1.0,1.0,0.716770814146376
31,9,1.472510035745334,1.0,0.0,0.6993076236968142
32,0,1.4480634678904678,1.0,0.0,0.6884973179489188
32,1,0.8074465516650668,1.0,1.0,0.25339603448629966
32,2,1.1973038205563165,1.0,0.0,0.6923601216234089
32,3,3.0553249745469904,1.0,0.0,0.22729754091594956
32,4,1.7116957730111937,1.0,0.0,0.4246491159313397
32,5,2.2273391020173094,1.0,0.0,0.37192212166768723
32,6,0.38759615485244847,1.0,1.0,0.3553079116201222
32,7,0.328554834544285,1.0,1.0,0.05765480724125638
32,8,0.5842123014931224,1.0,0.0,0.6316466268659396
32,9,0.2581809211829036,1.0,1.0,0.7073166026816995
33,0,0.512552254805891,1.0,1.0,0.6135886945028356
33,1,0.8023691921922542,1.0,0.0,0.6483127561631246
33,2,1.3809469218455637,1.0,0.0,0.16994071421725776
33,3,0.08276186323042545,1.0,1.0,0.14944679893886248
33,4,-0.023681899164053943,1.0,1.0,0.5141750435258828
33,5,-0.21669185897691495,1.0,1.0,0.8753327263545391
33,6,0.7047435651544933,1.0,1.0,0.18395344154722204
33,7,1.4873700368814469,1.0,1.0,0.4628391187082599
33,8,0.4100441196991151,1.0,1.0,0.42893233402990294
33,9,-0.23555875555984518,1.0,1.0,0.4972891859195163
34,0,2.633867156237604,1.0,0.0,0.16151077048601192
34,1,1.1919681401818982,1.0,0.0,0.34244064113481054
34,2,2.100127487421107,1.0,0.0,0.2618804041035202
34,3,0.8442843136712024,1.0,0.0,0.844526943229479
34,4,1.1503733459810535,1.0,0.0,0.8003322457764017
34,5,3.2815198989624914,1.0,0.0,0.4266391582681436
34,6,0.95209495344761,1.0,0.0,0.6070154607890389
34,7,0.5308826815029393,1.0,1.0,0.14546561026621996
34,8,1.6377718687832006,1.0,0.0,0.5096132942175586
34,9,1.752565940202534,1.0,0.0,0.29694708578690454
35,0,0.8766689600424403,1.0,0.0,0.8596509535692011
35,1,0.9394309456694803,1.0,0.0,0.6715983809063899
35,2,1.6247032780804136,1.0,0.0,0.633474012622421
35,3,1.4018052963723315,1.0,1.0,0.12475130006917923
35,4,0.15185777507110915,1.0,1.0,0.4705878794988857
35,5,-0.17762026508050105,1.0,1.0,0.9865727795868815
35,6,1.3195479811252633,1.0,1.0,0.9482991740726651
35,7,0.6027516683628356,1.0,0.0,0.6450856402604436
35,8,2.4285584624281475,1.0,0.0,0.15172487103197363
35,9,1.542123996013847,1.0,0.0,0.639126848719905
36,0,-0.16102423682969996,1.0,1.0,0.5656621125439275
36,1,1.4297657364790903,1.0,0.0,0.468665837661252
36,2,-0.10844343078881857,1.0,1.0,0.42803746946827015
36,3,0.3863628069334383,1.0,0.0,0.5992697556580301
36,4,-0.39418014613864816,1.0,1.0,0.8499698885159654
36,5,1.2268747086002165,1.0,0.0,0.7511210403719374
36,6,0.7236777611329581,1.0,0.0,0.579360540297233
36,7,1.232844153677651,1.0,0.0,0.9247041815360281
36,8,1.1175308800837789,1.0,0.0,0.06473998344154885
36,9,0.9565030067632718,1.0,0.0,0.9913465087318091
37,0,2.647442078974949,1.0,0.0,0.05299454266798953
37,1,0.647611107653081,1.0,1.0,0.19949554613856135
37,2,0.820522277139496,1.0,0.0,0.42275266164456093
37,3,1.6773709375124932,1.0,0.0,0.10750887618516769
37,4,1.7781715908719513,1.0,0.0,0.6236704109977018
37,5,1.1634563553171873,1.0,1.0,0.047992564048867314
37,6,1.377693270425036,1.0,0.0,0.28462388100694214
37,7,-0.08774719082853144,1.0,1.0,0.06103668111967109
37,8,0.7921332081976271,1.0,1.0,0.7035193311050811
37,9,1.9188435051019765,1.0,0.0,0.668456167589482
38,0,2.8504827943714304,1.0,0.0,0.3785805932506022
38,1,1.1978791794836365,1.0,1.0,0.1881942600298212
38,2,0.4914474072017475,1.0,1.0,0.7470048290299451
38,3,1.7056019674149385,1.0,0.0,0.34037929076546725
38,4,0.2751517387950855,1.0,1.0,0.7953011674056428
38,5,1.0074401680448646,1.0,0.0,0.4879009391796203
38,6,1.7867988738133287,1.0,1.0,0.5256694443509794
38,7,2.7826515342889637,1.0,0.0,0.028490849491567216
38,8,1.837370766729924,1.0,1.0,0.6442320198790318
38,9,0.8079743196122771,1.0,1.0,0.3506565024321674
39,0,0.5684563239400362,1.0,0.0,0.2292050272920657
39,1,2.0719477816942726,1.0,0.0,0.4338833762117006
39,2,0.056523682651408724,1.0,1.0,0.3824674572709176
39,3,0.8851305898111418,1.0,0.0,0.46978904008636024
39,4,1.515077496807825,1.0,0.0,0.9794833541798064
39,5,1.94590712862402,1.0,0.0,0.36437807036823044
39,6,-0.17886370501205806,1.0,0.0,0.7744101333360395
39,7,1.0234628385417484,1.0,0.0,0.5527675965498925
39,8,-0.23956446391586128,1.0,1.0,0.8891310891074828
39,9,0.7684768737919199,1.0,1.0,0.354952851149572
40,0,2.764020307791195,1.0,0.0,0.24551868018650747
40,1,0.7484844940650972,1.0,0.0,0.9110192396569683
40,2,1.6562477057219978,1.0,1.0,0.04353426375776537
40,3,-0.06951269534084226,1.0,1.0,0.9507534280610023
40,4,1.6536132768521585,1.0,1.0,0.5564069156709253
40,5,0.25688133717549494,1.0,1.0,0.3763632166870875
40,6,0.7006250400814591,1.0,0.0,0.9950523223391111
40,7,1.0457898904359866,1.0,1.0,0.05836264614763165
40,8,0.7473957665335873,1.0,0.0,0.5167063597676121
40,9,1.6949087590652945,1.0,1.0,0.03109707545554785
41,0,-0.16124645719206138,1.0,0.0,0.5711757391862334
41,1,0.8424056250952219,1.0,0.0,0.18046850899511557
41,2,-0.5007369777369497,1.0,1.0,0.6309592003395305
41,3,0.31126901104343724,1.0,0.0,0.9809236757505815
41,4,0.10965166244080111,1.0,1.0,0.8749025512123809
41,5,0.2230152296334288,1.0,0.0,0.45183624942087064
41,6,0.3785395462123992,1.0,1.0,0.7084608700517172
41,7,-0.24926518523369096,1.0,0.0,0.7774687500031893
41,8,1.1618863029885684,1.0,0.0,0.4948430841825636
41,9,0.4899401008829368,1.0,0.0,0.5285334901775651
42,0,-0.02965734849658963,1.0,0.0,0.1507843983721926
42,1,1.4569923553045,1.0,1.0,0.36939992561190627
42,2,1.6032259705300929,1.0,0.0,0.14222125307278666
42,3,1.5808384957101063,1.0,0.0,0.7268937533445626
42,4,0.3229288812518148,1.0,1.0,0.4770129944022632
42,5,-0.7091231309151176,1.0,1.0,0.44887883670676554
42,6,0.07253213834201525,1.0,1.0,0.8859979711653513
42,7,-0.22035233901035278,1.0,1.0,0.5276187723115614
42,8,0.41868368138532114,1.0,1.0,0.4090908319168599
42,9,0.9840460874322384,1.0,0.0,0.26889202221264585
43,0,1.5337458291690094,1.0,0.0,0.07201203516976995
43,1,0.15726333857571206,1.0,0.0,0.4181361337253158
43,2,0.6332402244009292,1.0,1.0,0.025753482406583372
43,3,0.9384884785961938,1.0,0.0,0.29115394055242805
43,4,0.7074467063153278,1.0,1.0,0.5035095098483965
43,5,-0.5908381965445302,1.0,1.0,0.9659330650197223
43,6,1.1684003438286659,1.0,0.0,0.10938291419358459
43,7,1.1634703881744153,1.0,1.0,0.673041054216622
43,8,-0.1985513043055513,1.0,1.0,0.49993237109919997
43,9,1.116141450405034,1.0,0.0,0.777098229275783
44,0,1.9143050732830722,1.0,0.0,0.14360699787420927
44,1,0.5318015950457566,1.0,1.0,0.08320263643587555
44,2,0.8956629637907205,1.0,1.0,0.3992186053524538
44,3,1.2054694838545417,1.0,0.0,0.7969622519799001
44,4,1.2707360043147453,1.0,1.0,0.1916757389098901
44,5,0.10205866538407249,1.0,1.0,0.767777192147274
44,6,0.3875663330608948,1.0,1.0,0.2902979970618682
44,7,0.8767782297166488,1.0,1.0,0.21689148761179533
44,8,1.030896735287021,1.0,0.0,0.016715589077006432
44,9,0.4256396865571771,1.0,1.0,0.3986590599223787
45,0,1.4901988986765715,1.0,0.0,0.38108149129345237
45,1,0.25949800798481726,1.0,0.0,0.6593449361953647
45,2,2.614390234988091,1.0,0.0,0.07091840047038722
45,3,3.1209986909581584,1.0,0.0,0.15260398704227185
45,4,2.386344679896815,1.0,0.0,0.016575882900934147
45,5,0.9985167425101888,1.0,1.0,0.11379635644740682
45,6,1.2073992255166492,1.0,0.0,0.6517892760100904
45,7,1.4328500141100136,1.0,0.0,0.4026568521749192
45,8,2.0120294470348403,1.0,0.0,0.32102631416731586
45,9,2.0997689696064117,1.0,0.0,0.5579119942437725
46,0,1.33774800031886,1.0,1.0,0.9934604630998499
46,1,1.0675474508670668,1.0,0.0,0.8344865140180296
46,2,0.2600614756705245,1.0,0.0,0.6996231823995839
46,3,-0.46721782228469,1.0,1.0,0.9182585891320579
46,4,2.0127588220743533,1.0,0.0,0.03972870668308481
46,5,0.6956812498955343,1.0,1.0,0.07033344161552524
46,6,0.06540487401271361,1.0,1.0,0.4740062899880546
46,7,0.49448312198881017,1.0,0.0,0.3491674129570773
46,8,-0.16183747831021372,1.0,1.0,0.9372520621284489
46,9,1.5153751901970969,1.0,0.0,0.48956496114516856
47,0,0.6536956669368611,1.0,1.0,0.5396491100933506
47,1,0.4787830835090312,1.0,0.0,0.8952603657312208
47,2,1.1605654860502208,1.0,1.0,0.4466350458236905
47,3,1.3540057034100348,1.0,0.0,0.8770343892703519
47,4,1.982101345500826,1.0,0.0,0.25358174937162836
47,5,2.392295917145966,1.0,0.0,0.27380970415810857
47,6,1.5723694258536791,1.0,0.0,0.32836139008759013
47,7,1.1420036495992143,1.0,1.0,0.5475642704809535
47,8,1.4817379325345004,1.0,0.0,0.22012867402698122
47,9,0.13724079134107137,1.0,1.0,0.6714291710812733
48,0,0.7800223691697935,1.0,1.0,0.1427932828030004
48,1,1.3274636943353797,1.0,1.0,0.09410027449963942
48,2,0.37329647970738816,1.0,1.0,0.8701917462053776
48,3,1.1653909640127151,1.0,1.0,0.23686870355699852
48,4,2.8900916374159076,1.0,0.0,0.3860040110225955
48,5,1.266946415311086,1.0,1.0,0.5715420927253323
48,6,2.6124655753840678,1.0,0.0,0.52580196995147
48,7,1.6874264706159077,1.0,1.0,0.07602387944210687
48,8,2.645154898423093,1.0,0.0,0.8741259355980283
48,9,1.5836917939071797,1.0,0.0,0.9511356184186921
49,0,0.9774037389541885,1.0,0.0,0.8125073041746718
49,1,3.2513702923405203,1.0,0.0,0.2838018349468743
49,2,1.819497350865271,1.0,1.0,0.5278467961179595
49,3,1.165862821982938,1.0,1.0,0.3394167240176095
49,4,2.5832065831297792,1.0,0.0,0.5546673107876667
49,5,1.1426027803181489,1.0,0.0,0.9744034689130026
49,6,2.7981748290860717,1.0,0.0,0.3117029177189814
49,7,2.2663123111523946,1.0,0.0,0.6687966059228697
49,8,1.274855838511825,1.0,1.0,0.3259672073089859
49,9,1.4974886164630832,1.0,0.0,0.7744772660150796
50,0,2.362256083277535,1.0,0.0,0.3258099666132048
50,1,0.46073844871409186,1.0,1.0,0.889827341447375
50,2,0.8901499909159755,1.0,1.0,0.7517077209192669
50,3,0.6236898352492836,1.0,1.0,0.7626320954451107
50,4,0.9879057076027544,1.0,1.0,0.46947902855992574
50,5,2.186277678046933,1.0,0.0,0.21076450246870537
50,6,0.708909217577056,1.0,1.0,0.041475079576498874
50,7,1.0480865817539635,1.0,1.0,0.3218287999702445
50,8,3.0977721487211554,1.0,0.0,0.03711266449399442
50,9,1.4477827249983075,1.0,1.0,0.6938554113738997
51,0,3.5842202052364964,1.0,0.0,0.6703500319361684
51,1,4.836560039101031,1.0,0.0,0.430471782744975
51,2,0.5363008893905596,1.0,1.0,0.767788977658173
51,3,4.3596681530889025,1.0,0.0,0.5360084947395637
51,4,5.7569805097613225,1.0,0.0,0.03985992663545257
51,5,4.347731234446547,1.0,0.0,0.13479311796067905
51,6,2.1016346071464587,1.0,1.0,0.19341639901491836
51,7,2.2595110454448344,1.0,1.0,0.3356638011646498
51,8,1.9508891229106144,1.0,1.0,0.05231294643747675
51,9,2.3510091820426955,1.0,1.0,0.6051167805003662
52,0,2.203787340023512,1.0,0.0,0.5120610275239188
52,1,0.7502980932684977,1.0,0.0,0.6174610120171561
52,2,2.150065046430383,1.0,0.0,0.43235559476434404
52,3,1.1789138370539833,1.0,0.0,0.8477004682374377
52,4,0.3799524166216366,1.0,1.0,0.4540590560591513
52,5,2.2565707100858585,1.0,0.0,0.015403519791920894
52,6,0.2235190766201114,1.0,1.0,0.8730681484470995
52,7,-0.06363254269215934,1.0,1.0,0.6562015477440989
52,8,0.9245727630785852,1.0,0.0,0.823003040648471
52,9,1.3667395521909336,1.0,0.0,0.9517756930338517
53,0,2.230882928153096,1.0,1.0,0.050912383516887205
53,1,2.0105124004578627,1.0,1.0,0.23507186409101455
53,2,3.404325728095371,1.0,0.0,0.0633434434563398
53,3,1.0206082806992656,1.0,1.0,0.4216578860324509
53,4,0.2888443771396421,1.0,1.0,0.863829145501452
53,5,4.1444507252000315,1.0,0.0,0.0816239827150681
53,6,1.707676788524453,1.0,0.0,0.4731119528858785
53,7,2.8040843675334495,1.0,0.0,0.12554310980872363
53,8,1.6036038549350589,1.0,0.0,0.7728856021671178
53,9,0.8592325705424435,1.0,1.0,0.8414221567958434
54,0,1.6634848421007895,1.0,0.0,0.04329093818615859
54,1,1.2298591370667267,1.0,0.0,0.48644074317039476
54,2,1.546693560373837,1.0,0.0,0.23941104413775594
54,3,0.9069071365648252,1.0,0.0,0.9524737816932592
54,4,-0.19338621083762486,1.0,1.0,0.9438926277837961
54,5,0.9093609451107094,1.0,0.0,0.6139340023847009
54,6,0.6039530057505678,1.0,1.0,0.9734873973251963
54,7,1.5222357115339853,1.0,0.0,0.344861343716251
54,8,1.3776488562041678,1.0,0.0,0.8978507176676818
54,9,0.1442896434011416,1.0,1.0,0.4345949734085095
55,0,1.7450609196541107,1.0,1.0,0.23581463714751372
55,1,1.4086956881069526,1.0,1.0,0.9408279632013994
55,2,2.0322124779732063,1.0,0.0,0.6842180509832275
55,3,3.8516429533234384,1.0,0.0,0.06491158533912933
55,4,0.8331709865393206,1.0,1.0,0.8704248568230661
55,5,2.3383909096053492,1.0,0.0,0.7013802946333463
55,6,2.4566500171781933,1.0,0.0,0.6049268729742817
55,7,2.7470913479502714,1.0,0.0,0.7323748991793305
55,8,3.3832098817155174,1.0,0.0,0.2534390424997808
55,9,2.7041974958700488,1.0,0.0,0.6004889552745444
56,0,0.37058796482931444,1.0,1.0,0.8146191812616553
56,1,-0.10855716936863963,1.0,1.0,0.05411366032399989
56,2,0.6010225792255768,1.0,1.0,0.13051067133926597
56,3,0.08466952684309156,1.0,1.0,0.8424458099564136
56,4,-0.07218397253636327,1.0,1.0,0.6183458693278855
56,5,0.2066260333348905,1.0,0.0,0.531287810481058
56,6,0.8130521158366683,1.0,0.0,0.2482907289970986
56,7,0.026610899485770334,1.0,1.0,0.2950785752494959
56,8,1.214005805116416,1.0,1.0,0.8726861649194619
56,9,1.5215752303295516,1.0,0.0,0.42166593484970927
57,0,1.611640505904543,1.0,0.0,0.0644302555796068
57,1,1.1658640241560454,1.0,0.0,0.8969850695075825
57,2,2.11417244309156,1.0,0.0,0.20338083282405106
57,3,0.26561048394005293,1.0,1.0,0.8262275354923914
57,4,1.7468377676492337,1.0,0.0,0.8817706230828073
57,5,1.644323359483014,1.0,0.0,0.48675074481833813
57,6,1.0168418296509705,1.0,0.0,0.5984646931046363
57,7,-0.43617099211055393,1.0,1.0,0.527267456485417
57,8,0.5591405669707077,1.0,0.0,0.624821294185499
57,9,0.5021670608261465,1.0,1.0,0.8550417213473515
58,0,3.7353957706637804,1.0,0.0,0.2821394484048606
58,1,2.263245954573395,1.0,0.0,0.8837555081806009
58,2,2.6472458187766432,1.0,0.0,0.5676903301191493
58,3,4.734876045325089,1.0,0.0,0.11510304096690338
58,4,1.4623028008883807,1.0,1.0,0.22700116521465796
58,5,2.1864201535969405,1.0,0.0,0.5959823856130138
58,6,3.9421218308041963,1.0,0.0,0.23944623690468037
58,7,1.5609212502031156,1.0,1.0,0.13141566053746057
58,8,1.0201130137785084,1.0,1.0,0.16184771412383514
58,9,3.068016238950649,1.0,0.0,0.8448725182357391
59,0,0.2255570776523641,1.0,1.0,0.6021836538927108
59,1,0.0255947208588507,1.0,1.0,0.9635670871883419
59,2,0.7089235614136988,1.0,1.0,0.34567921329602547
59,3,0.22388017236640623,1.0,1.0,0.5956250981349497
59,4,0.6480061067379055,1.0,1.0,0.5989852889734197
59,5,-0.10003317272012202,1.0,0.0,0.6157042872039488
59,6,0.550088190733523,1.0,0.0,0.05917720718572239
59,7,0.8383250483856453,1.0,0.0,0.7503171845746859
59,8,1.217497607492331,1.0,0.0,0.9482094981876252
59,9,0.7048534787761773,1.0,0.0,0.5346790571795887
60,0,2.659189776014235,1.0,0.0,0.1925560209550684
60,1,1.111662408670954,1.0,0.0,0.7529259149799422
60,2,3.0099767391208534,1.0,0.0,0.0073189693278638
60,3,0.5609543363039318,1.0,1.0,0.32825610365078084
60,4,1.229096850556046,1.0,0.0,0.9176063476443932
60,5,2.1335289809394324,1.0,0.0,0.5883673328938768
60,6,0.3872131553569623,1.0,0.0,0.8551902839041353
60,7,0.8163838505008132,1.0,1.0,0.6046720523491877
60,8,1.0265569594868365,1.0,0.0,0.822578152523871
60,9,0.2279965248659302,1.0,1.0,0.8794835234293169
61,0,3.4798940482241054,1.0,0.0,0.3209863745244532
61,1,1.5676669999667738,1.0,1.0,0.12295477155217849
61,2,2.4808474087667327,1.0,0.0,0.7213033441865708
61,3,1.7262041608253311,1.0,0.0,0.44034708683123824
61,4,1.2099081054265266,1.0,1.0,0.1267357091420086
61,5,0.6972990466412343,1.0,1.0,0.5898236481098892
61,6,1.2433964186625608,1.0,1.0,0.03606831456985993
61,7,1.5426789125601728,1.0,1.0,0.20018211641098693
61,8,1.2178573553915095,1.0,1.0,0.7883011896679689
61,9,1.019019875393348,1.0,1.0,0.012096760015357866
62,0,2.949565365003127,1.0,0.0,0.3033456717085691
62,1,3.821039349474872,1.0,0.0,0.021375961088070716
62,2,2.3854088303602956,1.0,0.0,0.9974849927283295
62,3,0.8220614119254461,1.0,1.0,0.5820299763434618
62,4,3.411818648068493,1.0,0.0,0.29337627848605663
62,5,1.763404792561761,1.0,0.0,0.9289494618931157
62,6,0.6746157178934036,1.0,1.0,0.5071194235482045
62,7,3.1715799272348173,1.0,0.0,0.4546922275524069
62,8,1.2651567932354013,1.0,1.0,0.5878715062961865
62,9,1.9167956883159176,1.0,1.0,0.2641376442105696
63,0,1.432643007585763,1.0,0.0,0.3052882993474333
63,1,1.3052775172292173,1.0,0.0,0.37165457672418245
63,2,1.3415569285388906,1.0,0.0,0.24444799937161088
63,3,1.2300128558463632,1.0,1.0,0.5845472661166298
63,4,0.9424302630898713,1.0,1.0,0.6958461339323264
63,5,1.895206839665048,1.0,0.0,0.07194722016400112
63,6,0.6650076182441536,1.0,1.0,0.9710833196254638
63,7,0.12322901419609417,1.0,1.0,0.7530706558694549
63,8,2.002008602870931,1.0,0.0,0.8061631629534083
63,9,0.7291306204687116,1.0,0.0,0.7516404040812905
64,0,1.0003098282194505,1.0,0.0,0.0800609772712173
64,1,0.6369721361054991,1.0,0.0,0.48169628302117706
64,2,1.1962842551809603,1.0,1.0,0.44567295640165605
64,3,0.7638894812452778,1.0,0.0,0.6724726505249299
64,4,1.3900188692126572,1.0,0.0,0.4487372588243219
64,5,0.21742084043950674,1.0,1.0,0.7043133983839096
64,6,0.07780171425634463,1.0,0.0,0.6816453376026229
64,7,1.0623385870116078,1.0,0.0,0.6971485287527562
64,8,0.4119239983614293,1.0,0.0,0.6186007425615364
64,9,0.4557191061298823,1.0,0.0,0.15098073327964578
65,0,1.5946436339560974,1.0,0.0,0.760802456305756
65,1,2.0852477021958293,1.0,0.0,0.781045822193957
65,2,1.5245315159218813,1.0,1.0,0.9041029859138049
65,3,0.4964907034294296,1.0,1.0,0.23376869260410593
65,4,1.9858327335857764,1.0,0.0,0.17667889307234141
65,5,2.9980732350970825,1.0,0.0,0.3910991231067624
65,6,2.852841121683234,1.0,0.0,0.3205646539951602
65,7,1.432511906573842,1.0,0.0,0.8154769290056262
65,8,2.2734365199411344,1.0,0.0,0.6135258996684316
65,9,2.168731373161683,1.0,0.0,0.7600017523497489
66,0,2.183999620712991,1.0,1.0,0.4276650996969642
66,1,1.5956716987766808,1.0,1.0,0.09944056291558923
66,2,4.66672502772936,1.0,0.0,0.11503501205024624
66,3,1.0649396855634587,1.0,1.0,0.3734071317371953
66,4,3.490348606777931,1.0,0.0,0.19384776750950716
66,5,2.315641292153361,1.0,0.0,0.8207464986229382
66,6,0.490790553013838,1.0,1.0,0.5996360084237168
66,7,1.7241994384297126,1.0,0.0,0.688845259018665
66,8,1.6399380669132084,1.0,1.0,0.4911099613042962
66,9,0.6966101803751288,1.0,1.0,0.08817368124218106
67,0,1.6306087580009392,1.0,1.0,0.23507763668617032
67,1,2.9806237504903255,1.0,0.0,0.461602080891622
67,2,3.816897354706499,1.0,0.0,0.19859150305392625
67,3,4.028442635580654,1.0,0.0,0.0254762357788203
67,4,-0.019146341152977864,1.0,1.0,0.7293976982561526
67,5,0.6724766853265167,1.0,1.0,0.7249167472191191
67,6,0.8591871124385047,1.0,1.0,0.33039174636170277
67,7,0.6865671457591269,1.0,1.0,0.8434941260636555
67,8,1.3614481759181225,1.0,1.0,0.42844247595107343
67,9,1.7982772704061327,1.0,0.0,0.8646861447635343
68,0,-0.2505311870041717,1.0,1.0,0.6570654246228895
68,1,0.8987247579179679,1.0,0.0,0.5810356574180902
68,2,0.05388142816896435,1.0,1.0,0.200727488035091
68,3,0.31050020236174,1.0,0.0,0.5295466104783949
68,4,0.41533809397405763,1.0,0.0,0.8944324184275724
68,5,1.114359289878594,1.0,0.0,0.30499397583521604
68,6,1.6316283796648472,1.0,0.0,0.8709456091610533
68,7,1.3643055675303326,1.0,0.0,0.9087452728583881
68,8,0.31796155220106914,1.0,0.0,0.32984456268188234
68,9,0.024044565149194064,1.0,0.0,0.6830743663365642
69,0,0.5478432682703962,1.0,0.0,0.8992209495659688
69,1,1.3781520109089485,1.0,0.0,0.07569688175830336
69,2,0.4595104192659315,1.0,0.0,0.8785878632047704
69,3,1.4883137039607999,1.0,1.0,0.1908393632684806
69,4,1.128013792842656,1.0,0.0,0.8497689100179306
69,5,1.0794987599885606,1.0,1.0,0.6671187886992039
69,6,0.6499184041228072,1.0,0.0,0.34433919545005387
69,7,0.5772546253784537,1.0,0.0,0.151375569992799
69,8,-0.2679837039952194,1.0,1.0,0.6353709614884534
69,9,0.16284496341826885,1.0,1.0,0.8477880437147416
70,0,0.889949485462057,1.0,0.0,0.8218493747640105
70,1,1.4984119557425535,1.0,0.0,0.6282395971306578
70,2,0.33038284816706487,1.0,1.0,0.9563015097552321
70,3,1.2366725986977545,1.0,1.0,0.5899231270757698
70,4,0.8601785864804099,1.0,1.0,0.1978327846479193
70,5,1.4763075646752393,1.0,0.0,0.4293307226164923
70,6,0.7413178190579026,1.0,1.0,0.3367459987011673
70,7,0.6224526022878979,1.0,1.0,0.991945011907281
70,8,2.5610121117963853,1.0,0.0,0.38023649611726473
70,9,0.0669644670471225,1.0,1.0,0.992700873664818
71,0,0.8477457986614256,1.0,1.0,0.5188042507334142
71,1,1.414244299219984,1.0,1.0,0.17227970147712546
71,2,1.0333862009793373,1.0,1.0,0.07457407125147986
71,3,1.5970674782297283,1.0,0.0,0.37030569377388767
71,4,0.52991771964767,1.0,1.0,0.12341885981472989
71,5,0.8534085827297965,1.0,0.0,0.6345187162918416
71,6,-0.43782583638348394,1.0,1.0,0.4139198457294089
71,7,0.6434007857406633,1.0,1.0,0.9909156325254501
71,8,0.18195315941206272,1.0,1.0,0.9299556236533179
71,9,0.8125671405167358,1.0,1.0,0.14923603230975002
72,0,2.1436339629397314,1.0,0.0,0.3948822625368005
72,1,0.3306272479540112,1.0,1.0,0.46157971096238615
72,2,1.1690890149348208,1.0,1.0,0.5609487551219452
72,3,0.5963957030165736,1.0,1.0,0.7803635232892685
72,4,2.487365627294435,1.0,0.0,0.48719390907342375
72,5,1.9342339325090685,1.0,0.0,0.4199935520102408
72,6,1.029029699376427,1.0,1.0,0.26199970471933565
72,7,1.0409498308274838,1.0,0.0,0.9108061390867584
72,8,1.8225377010144324,1.0,1.0,0.022271511532804156
72,9,-0.5317739261567053,1.0,1.0,0.8211218982189646
73,0,2.0894873256643134,1.0,0.0,0.18846839966641848
73,1,1.3384309098845146,1.0,0.0,0.6857568991725472
73,2,0.05640946061817009,1.0,1.0,0.35520938933964374
73,3,0.7460866969514577,1.0,0.0,0.9742126278950913
73,4,1.4166252377204647,1.0,0.0,0.12277212944941995
73,5,2.4530451820610697,1.0,0.0,0.18756989261723955
73,6,0.5335688167875848,1.0,0.0,0.8894424754644789
73,7,1.8231028195202597,1.0,0.0,0.5834063146082279
73,8,1.9772542855941542,1.0,0.0,0.3092463846587796
73,9,0.7220297521746704,1.0,1.0,0.0007643854781880233
74,0,-0.22334021931354164,1.0,1.0,0.22759773832225305
74,1,0.2556092158016456,1.0,1.0,0.1454036341712357
74,2,1.547434416451696,1.0,0.0,0.2034338243700906
74,3,0.6732006665909924,1.0,0.0,0.8963225568040046
74,4,0.6387891627506344,1.0,1.0,0.8730943782696405
74,5,0.48720501132499083,1.0,0.0,0.7002894376334498
74,6,1.2456939988193902,1.0,1.0,0.47049767615220905
74,7,0.665313284612868,1.0,0.0,0.8271360023322883
74,8,0.6411820684035519,1.0,0.0,0.49582639708521237
74,9,1.1435771257044778,1.0,1.0,0.36348868328490525
75,0,1.366737547782747,1.0,1.0,0.27560310276085875
75,1,0.33352877874208914,1.0,1.0,0.9247408135383717
75,2,1.285134330897127,1.0,0.0,0.38698923425629217
75,3,1.018345503816864,1.0,1.0,0.49288087343132025
75,4,1.2782970736032644,1.0,0.0,0.2544381023144221
75,5,1.4335419150947577,1.0,0.0,0.8849665188380633
75,6,0.8389392111525528,1.0,0.0,0.38326345680528673
75,7,0.6324910512539387,1.0,1.0,0.29757471531387525
75,8,0.46397885877795536,1.0,1.0,0.7175949621947544
75,9,1.3477788865721294,1.0,1.0,0.19086994317230743
76,0,-0.0738777028155434,1.0,1.0,0.11819262934703845
76,1,1.1846090448269058,1.0,0.0,0.8369977822135122
76,2,0.4123184427492209,1.0,1.0,0.7441359213695352
76,3,1.3405251741572362,1.0,0.0,0.5905205476471171
76,4,0.30755495979483166,1.0,1.0,0.24289157496487068
76,5,0.6484071371924562,1.0,0.0,0.6232471451875841
76,6,1.0498505509972669,1.0,0.0,0.638355320741173
76,7,1.5847240577818764,1.0,0.0,0.32756944411232514
76,8,2.9042040941563583,1.0,0.0,0.06748934306754228
76,9,0.4726193390993546,1.0,1.0,0.8805385975643267
77,0,2.0587340393600164,1.0,0.0,0.4599567310742584
77,1,1.9073657575650347,1.0,0.0,0.7638727180664299
77,2,1.6851416815320648,1.0,0.0,0.2538886209427397
77,3,1.1037428833834966,1.0,1.0,0.5913871822675169
77,4,1.3199449232612994,1.0,1.0,0.4287951603487977
77,5,1.3536775929522835,1.0,1.0,0.38210064254913956
77,6,0.9720047312811524,1.0,1.0,0.12671338384692277
77,7,1.8955933383612682,1.0,0.0,0.24426666320897583
77,8,2.4325378844263366,1.0,0.0,0.07934158295831895
77,9,2.5050585352294252,1.0,0.0,0.3028583047175786
78,0,0.6398964725521239,1.0,1.0,0.7417048002315554
78,1,1.665011416183813,1.0,0.0,0.6150157249710488
78,2,1.734644544472891,1.0,0.0,0.6724110989339258
78,3,2.229695226133757,1.0,0.0,0.00838307952503159
78,4,0.41076641484665044,1.0,1.0,0.6783769722513199
78,5,0.5951368290881496,1.0,1.0,0.503180690542887
78,6,1.344283412921571,1.0,0.0,0.23090845048417918
78,7,2.0666838367663853,1.0,0.0,0.17489650898192222
78,8,1.8221679247190525,1.0,0.0,0.18498296555082983
78,9,0.4459940619349346,1.0,1.0,0.8442600050750985
79,0,-0.11248668105340687,1.0,1.0,0.9825897893050853
79,1,1.8736789076461302,1.0,0.0,0.9137396248416316
79,2,0.16098777128143693,1.0,1.0,0.3473694203728128
79,3,1.2366554905912208,1.0,1.0,0.7802245796913637
79,4,1.2620295135920194,1.0,1.0,0.5464545907014307
79,5,-0.19311332081675825,1.0,1.0,0.8164423975559377
79,6,0.791209128719737,1.0,1.0,0.48372695118890585
79,7,0.11882413362951771,1.0,1.0,0.5899512982994037
79,8,1.444668918834991,1.0,0.0,0.7872634475242615
79,9,1.4380108712619202,1.0,1.0,0.10023464310313235
80,0,0.5893800209142478,1.0,1.0,0.5370071168405407
80,1,1.2113901061260153,1.0,0.0,0.36598334666965426
80,2,1.6509702503805812,1.0,0.0,0.6043068436688722
80,3,0.5759119237128264,1.0,1.0,0.9588025156370005
80,4,0.7373760413622836,1.0,1.0,0.39282294499696246
80,5,0.22832029272596766,1.0,1.0,0.39297299794161644
80,6,0.345930996144435,1.0,1.0,0.7906369935895988
80,7,0.7297162551511757,1.0,1.0,0.6450783990854264
80,8,0.6727357905419254,1.0,1.0,0.3938840078553765
80,9,2.4629457562647716,1.0,0.0,0.6889550482302514
81,0,1.8076802025359997,1.0,0.0,0.404001609054379
81,1,2.045693546837516,1.0,0.0,0.1361131542481221
81,2,1.8503900122165695,1.0,0.0,0.45064326867213444
81,3,0.17531996410781236,1.0,1.0,0.3344193926972726
81,4,1.0207428859734302,1.0,1.0,0.2179689300611679
81,5,1.230945394662118,1.0,1.0,0.9257748016364399
81,6,0.08319310835517535,1.0,1.0,0.6896393990795577
81,7,0.7202531440455491,1.0,1.0,0.5988208906234219
81,8,0.8818014156003877,1.0,1.0,0.746657472123005
81,9,0.6327423279365048,1.0,0.0,0.5419710617714415
82,0,3.4209423817371296,1.0,0.0,0.7005330726195026
82,1,0.33345613506093863,1.0,1.0,0.9305598192498451
82,2,0.7436395631300892,1.0,1.0,0.8626166945052219
82,3,1.9175874193789,1.0,1.0,0.1674418575065213
82,4,3.7740127581151057,1.0,0.0,0.2631390239238742
82,5,5.0413848342712955,1.0,0.0,0.07161027944180454
82,6,0.8943562798097399,1.0,1.0,0.978672805158347
82,7,1.9059748766047182,1.0,1.0,0.23638409866037557
82,8,2.736340986348399,1.0,0.0,0.6605983559285987
82,9,5.299627271099231,1.0,0.0,0.089630698927462
83,0,1.5925806226426515,1.0,0.0,0.21077094208701874
83,1,2.1696892008419866,1.0,0.0,0.5028243835184045
83,2,1.015005888307201,1.0,1.0,0.10495366832992803
83,3,0.4179173790497492,1.0,1.0,0.38887340269472437
83,4,1.518565262980393,1.0,0.0,0.5379877201396809
83,5,2.0245462443585582,1.0,0.0,0.33920418488509996
83,6,2.182122767387999,1.0,0.0,0.5559002111265755
83,7,1.4784651092892829,1.0,0.0,0.536768321942464
83,8,0.8144088305521483,1.0,1.0,0.3906104987369058
83,9,1.8012162469069508,1.0,0.0,0.6962700831011029
84,0,0.11428894409655466,1.0,1.0,0.6784824539979241
84,1,1.2427647190184732,1.0,1.0,0.6873031493743899
84,2,3.106762694976653,1.0,0.0,0.5614912587993742
84,3,1.949138616558807,1.0,0.0,0.3580799140129358
84,4,2.267754141022608,1.0,0.0,0.6131123353670123
84,5,1.1888564150047067,1.0,0.0,0.9357362666081998
84,6,2.1019031749936232,1.0,0.0,0.5968885249459731
84,7,0.43385115634732685,1.0,1.0,0.9795901743594252
84,8,3.222549337944568,1.0,0.0,0.4410066204088712
84,9,1.4472293647400414,1.0,0.0,0.7396119625075467
85,0,1.411878198338675,1.0,1.0,0.03760387864960013
85,1,1.582390763921631,1.0,0.0,0.7647266390004861
85,2,1.0621464815725754,1.0,0.0,0.5182815803268124
85,3,1.4914112213738235,1.0,0.0,0.0053165329611032375
85,4,1.1036814080286177,1.0,1.0,0.2772001047825985
85,5,2.0021453940428398,1.0,0.0,0.5348322325198115
85,6,0.2499854715859336,1.0,1.0,0.7679628782813116
85,7,2.14427697590047,1.0,0.0,0.05309259545252509
85,8,2.047751971841172,1.0,0.0,0.5490534438505197
85,9,1.663162376777988,1.0,0.0,0.800994555798356
86,0,1.5379634743627306,1.0,1.0,0.6495830548784789
86,1,0.9485952849945491,1.0,1.0,0.9314470149929107
86,2,1.4047271391261207,1.0,1.0,0.07473144501476114
86,3,0.8846996226373753,1.0,1.0,0.2768064626005866
86,4,1.0378512703786633,1.0,0.0,0.9192375042561725
86,5,2.3157344965417486,1.0,0.0,0.7650051482981429
86,6,3.6891648632583762,1.0,0.0,0.5997403444720987
86,7,1.1344037672139575,1.0,1.0,0.8329681438370704
86,8,2.038427345398851,1.0,0.0,0.896043491575002
86,9,0.027046751134947145,1.0,1.0,0.9727203528528249
87,0,1.6293550965862724,1.0,0.0,0.9985205070898059
87,1,1.761562613285159,1.0,1.0,0.13964933368410348
87,2,1.7634562684316772,1.0,1.0,0.07054204474369918
87,3,5.052469194377339,1.0,0.0,0.07346665436012334
87,4,1.8940050897068041,1.0,1.0,0.01474379089994693
87,5,2.3597981306176985,1.0,0.0,0.971820072977926
87,6,1.77614075872952,1.0,1.0,0.09476691645722912
87,7,2.173070114933107,1.0,0.0,0.8417368261858497
87,8,3.2488918756639533,1.0,0.0,0.6851729969076996
87,9,0.9012790714828081,1.0,1.0,0.4875571674829181
88,0,0.21523415458233996,1.0,1.0,0.3466948813585782
88,1,0.22552565297930183,1.0,0.0,0.35364778706700506
88,2,0.4369471075345384,1.0,1.0,0.2538388823471872
88,3,1.056865407267543,1.0,0.0,0.9110179736986265
88,4,0.9599039044502375,1.0,0.0,0.725642545494869
88,5,0.8462319986718821,1.0,1.0,0.025925792784269874
88,6,1.316040799950112,1.0,0.0,0.46152125324711457
88,7,1.2445105321614136,1.0,0.0,0.28130127253681136
88,8,0.8570172098188109,1.0,1.0,0.02896618617789848
88,9,0.736781868202359,1.0,0.0,0.8846818943092944
89,0,-0.18272575625334042,1.0,1.0,0.7710053579546823
89,1,1.38876652875508,1.0,0.0,0.32973507924426093
89,2,0.7708258249751102,1.0,1.0,0.796558587536711
89,3,0.6850550610410704,1.0,0.0,0.3246383222029966
89,4,0.5849727477443696,1.0,1.0,0.30788244381764673
89,5,0.8053336872288155,1.0,1.0,0.9281090785007262
89,6,0.0656000620255619,1.0,1.0,0.9769161619458502
89,7,-0.2776193079374149,1.0,1.0,0.5235553047168928
89,8,0.2889717996532455,1.0,1.0,0.951935167567925
89,9,1.0706917364335555,1.0,1.0,0.8879964939264646
90,0,-0.016529502470162383,1.0,1.0,0.5180325615944087
90,1,1.1841346791111893,1.0,0.0,0.3727488020974856
90,2,0.5310918246339327,1.0,0.0,0.7103545783196094
90,3,0.28645019304741187,1.0,1.0,0.455643424642054
90,4,0.5234207925186127,1.0,1.0,0.6052128951232129
90,5,1.4390942367517714,1.0,0.0,0.9904061968899467
90,6,0.4967901547557294,1.0,0.0,0.7739162499564685
90,7,0.16664711323815778,1.0,1.0,0.33427640499382627
90,8,0.21660520624519286,1.0,1.0,0.08899822082237796
90,9,0.923258808694673,1.0,0.0,0.18490559027840836
91,0,-0.4940303335036422,1.0,1.0,0.5268518758918344
91,1,-0.12327312512759397,1.0,1.0,0.417102418106858
91,2,0.15955023465614496,1.0,1.0,0.8006596581292397
91,3,0.48300354333173445,1.0,0.0,0.9332023381866817
91,4,1.5129991302928578,1.0,0.0,0.17786474795134855
91,5,0.08396552663607809,1.0,0.0,0.8600667708762162
91,6,-0.20604139733610885,1.0,1.0,0.9573949263266688
91,7,0.07310736635591708,1.0,0.0,0.9594706068497821
91,8,0.5264679114827021,1.0,1.0,0.037862587720430496
91,9,0.3416527578163604,1.0,1.0,0.05758350560817371
92,0,1.2798535838398994,1.0,1.0,0.005797392917688993
92,1,1.2583368637828112,1.0,0.0,0.3126811561554764
92,2,1.3078873115035694,1.0,1.0,0.05569841271210463
92,3,2.153030076933889,1.0,0.0,0.29386248547054417
92,4,1.4570708379799284,1.0,0.0,0.3560164860311865
92,5,0.6052429457511193,1.0,0.0,0.9536770184739218
92,6,0.6683470025301163,1.0,1.0,0.47695092248677795
92,7,0.2978905966877849,1.0,1.0,0.27823844242133033
92,8,2.383510844614017,1.0,0.0,0.5030051950509548
92,9,0.5661919670645177,1.0,1.0,0.6433579246491355
93,0,2.964389782528802,1.0,0.0,0.111245672567435
93,1,0.7828522996690199,1.0,0.0,0.7580616581331086
93,2,-0.3471631907221221,1.0,1.0,0.8519457712872955
93,3,1.6520651325865954,1.0,0.0,0.8442498595694283
93,4,1.5118614000063542,1.0,0.0,0.8905068324120895
93,5,1.6218931895685595,1.0,0.0,0.38184239675576115
93,6,0.4855375045507739,1.0,1.0,0.44380519836651855
93,7,2.2511330579996436,1.0,0.0,0.10158147594616618
93,8,2.4251830918312747,1.0,0.0,0.22580692243123512
93,9,0.9352025783992248,1.0,1.0,0.971320469273211
94,0,0.8714478780934429,1.0,0.0,0.28462396896873543
94,1,0.6162284910740734,1.0,1.0,0.9073961422409973
94,2,-0.05434256148459432,1.0,1.0,0.8905522863783111
94,3,0.10618800051420257,1.0,1.0,0.9225044972603934
94,4,1.7699098420555366,1.0,0.0,0.15614956444079475
94,5,-0.2941531278486206,1.0,1.0,0.8797221435013809
94,6,2.6161696027972927,1.0,0.0,0.6319949504631371
94,7,2.9721726566075084,1.0,0.0,0.21062817841880244
94,8,1.9310259877804818,1.0,0.0,0.3451159147800812
94,9,1.0776093810103602,1.0,1.0,0.1599187885892832
95,0,4.10026737271694,1.0,0.0,0.4443481574461272
95,1,3.807093012891313,1.0,1.0,0.08377495384546052
95,2,2.4383306954408073,1.0,1.0,0.16531849048023983
95,3,5.740419279927348,1.0,0.0,0.19719634646666928
95,4,4.285625546148043,1.0,0.0,0.6910273415567042
95,5,1.7985994577103908,1.0,1.0,0.573802869165353
95,6,2.726564439702848,1.0,0.0,0.8733231340367321
95,7,2.148766653170022,1.0,1.0,0.2446340657192081
95,8,1.396671468735068,1.0,1.0,0.6296079567189131
95,9,6.771699753233952,1.0,0.0,0.034431265307095615
96,0,3.2046999981960678,1.0,0.0,0.516198461077069
96,1,1.1312920754049978,1.0,1.0,0.8632264817138495
96,2,2.554007401628329,1.0,0.0,0.9841265438849168
96,3,4.662344860989131,1.0,0.0,0.009872975358918512
96,4,1.9955681700495713,1.0,1.0,0.2528414820768151
96,5,2.410858806984253,1.0,1.0,0.22384967032752534
96,6,1.2188031601137106,1.0,1.0,0.047537594227760493
96,7,2.252164906852201,1.0,1.0,0.010172456261775653
96,8,0.6828717770908183,1.0,1.0,0.49019531224423174
96,9,1.0817439303089542,1.0,1.0,0.04548214567029407
97,0,1.3777775567486732,1.0,1.0,0.278328130846902
97,1,0.9874923403182756,1.0,1.0,0.6399745691089123
97,2,1.6801365628927472,1.0,0.0,0.2946920415609042
97,3,0.3516711294896004,1.0,1.0,0.26965470115905144
97,4,1.191059260848074,1.0,1.0,0.5905465222435671
97,5,0.6271538492384525,1.0,0.0,0.38053407720964005
97,6,0.42997428993449155,1.0,1.0,0.7025230339614009
97,7,0.7217335117356483,1.0,1.0,0.4961239512498611
97,8,1.065934529195811,1.0,1.0,0.6332092658064775
97,9,0.5806630820334856,1.0,0.0,0.3533943470016294
98,0,0.5215652138164686,1.0,0.0,0.28704394615550866
98,1,2.4235454442437026,1.0,0.0,0.13320711375110195
98,2,1.2879913675625432,1.0,0.0,0.9370803847989643
98,3,1.3622189969986305,1.0,0.0,0.8048358460157946
98,4,0.689669713312756,1.0,0.0,0.9380285431563524
98,5,2.232902017442261,1.0,0.0,0.1853805246478023
98,6,-0.30924869341537475,1.0,1.0,0.9331557628232255
98,7,1.3409541793660926,1.0,0.0,0.9357532076921331
98,8,1.28393266585672,1.0,1.0,0.2835445136036545
98,9,1.711200502713285,1.0,0.0,0.27463424842386297
99,0,2.098336056919085,1.0,0.0,0.5514315736733725
99,1,1.7004646109551158,1.0,1.0,0.18528923936855235
99,2,1.2946213660156294,1.0,1.0,0.4421011106267658
99,3,4.3016568250486324,1.0,0.0,0.1853176459376844
99,4,2.805584708494746,1.0,0.0,0.9473759179539593
99,5,3.338347935134788,1.0,0.0,0.4938246574910856
99,6,3.163328996234954,1.0,0.0,0.9639177674239978
99,7,3.0351121642555445,1.0,0.0,0.6449416725122118
99,8,2.7541570358588783,1.0,0.0,0.4843157730323856
99,9,2.680715097275872,1.0,0.0,0.9676952459611975
